sku,descripcion,categoria,costo_unitario,precio_lista,proveedor
SKU-1000,BEB Producto 1 x250ml,BEBIDAS,17100.0,21380.0,PROV-09
SKU-1001,BEB Producto 2 x400ml,BEBIDAS,2420.0,3180.0,PROV-02
SKU-1002,BEB Producto 3 x250ml,Bebida,8260.0,9440.0,PROV-01
SKU-1003,BEB Producto 4 x400ml,BEBIDAS,15020.0,17440.0,PROV-10
SKU-1004,BEB Producto 5 x400ml,BEBIDAS,10870.0,12350.0,PROV-09
SKU-1005,BEB Producto 6 x400ml,BEBIDAS,15570.0,18930.0,PROV-10
SKU-1006,BEB Producto 7 x400ml,BEBIDAS,6110.0,8490.0,PROV-10
SKU-1007,BEB Producto 8 x250ml,BEBIDAS,10620.0,12550.0,PROV-10
SKU-1008,BEB Producto 9 x1000ml,bebidas,1830.0,2170.0,PROV-08
SKU-1009,BEB Producto 10 x500ml,Bebidas,10870.0,13800.0,PROV-03
SKU-1010,BEB Producto 11 x500ml,Bebida,12820.0,15390.0,PROV-06
SKU-1011,BEB Producto 12 x250ml,BEBIDAS,13350.0,,PROV-09
SKU-1012,BEB Producto 13 x400ml,Bebida,7990.0,10950.0,PROV-07
SKU-1013,BEB Producto 14 x500ml,bebidas,1470.0,1970.0,PROV-12
SKU-1014,BEB Producto 15 x1000ml,BEBIDAS,6820.0,8760.0,PROV-02
SKU-1015,BEB Producto 16 x250ml,BEBIDAS,17050.0,21760.0,PROV-12
SKU-1016,BEB Producto 17 x1000ml,bebidas,12870.0,17160.0,PROV-12
SKU-1017,BEB Producto 18 x250ml,Bebida,7440.0,9970.0,PROV-06
SKU-1018,BEB Producto 19 x250ml,Bebidas,3690.0,4280.0,PROV-05
SKU-1019,BEB Producto 20 x1000ml,Bebida,3020.0,3630.0,PROV-02
SKU-1020,BEB Producto 21 x500ml,Bebidas,3660.0,4580.0,PROV-07
SKU-1021,BEB Producto 22 x1000ml,bebidas,15660.0,18980.0,PROV-11
SKU-1022,BEB Producto 23 x400ml,BEBIDAS,16010.0,22990.0,PROV-03
SKU-1023,BEB Producto 24 x250ml,Bebida,3400.0,4550.0,PROV-10
SKU-1024,BEB Producto 25 x400ml,Bebida,3940.0,4780.0,PROV-09
SKU-1025,BEB Producto 26 x400ml,BEBIDAS,7150.0,9340.0,PROV-08
SKU-1026,BEB Producto 27 x1000ml,Bebida,16270.0,22410.0,PROV-07
SKU-1027,BEB Producto 28 x1000ml,BEBIDAS,7580.0,9690.0,PROV-04
SKU-1028,BEB Producto 29 x400ml,BEBIDAS,1960.0,2330.0,PROV-06
SKU-1029,BEB Producto 30 x400ml,BEBIDAS,11130.0,12840.0,PROV-06
SKU-1030,BEB Producto 31 x400ml,Bebida,11360.0,12990.0,PROV-03
SKU-1031,BEB Producto 32 x500ml,Bebida,11710.0,16810.0,PROV-02
SKU-1032,BEB Producto 33 x1000ml,Bebida,2780.0,3560.0,PROV-08
SKU-1033,SNA Producto 1 x500ml,snack,2280.0,2630.0,PROV-08
SKU-1034,SNA Producto 2 x250ml,Snacks,15060.0,17670.0,PROV-09
SKU-1035,SNA Producto 3 x250ml,snack,7020.0,9460.0,PROV-11
SKU-1036,SNA Producto 4 x500ml,snack,15650.0,21120.0,PROV-03
SKU-1037,SNA Producto 5 x500ml,Snacks,0.0,8260.0,PROV-10
SKU-1038,SNA Producto 6 x400ml,Snacks,14760.0,21330.0,PROV-07
SKU-1039,SNA Producto 7 x1000ml,snack,13530.0,16170.0,PROV-12
SKU-1040,SNA Producto 8 x500ml,Snaks,1300.0,1470.0,PROV-05
SKU-1041,SNA Producto 9 x500ml,Snaks,4130.0,5450.0,PROV-12
SKU-1042,SNA Producto 10 x500ml,SNACKS,17790.0,25530.0,PROV-04
SKU-1043,SNA Producto 11 x500ml,Snacks,2560.0,3260.0,PROV-08
SKU-1044,SNA Producto 12 x250ml,Snaks,11530.0,16340.0,PROV-11
SKU-1045,SNA Producto 13 x250ml,Snaks,6720.0,,PROV-12
SKU-1046,SNA Producto 14 x400ml,Snaks,13700.0,17510.0,PROV-11
SKU-1047,SNA Producto 15 x1000ml,Snaks,6520.0,9030.0,PROV-07
SKU-1048,SNA Producto 16 x400ml,Snacks,13590.0,15600.0,PROV-03
SKU-1049,SNA Producto 17 x1000ml,Snacks,1270.0,1670.0,PROV-10
SKU-1050,SNA Producto 18 x500ml,Snacks,15020.0,21680.0,PROV-09
SKU-1051,SNA Producto 19 x250ml,Snacks,10230.0,11530.0,PROV-07
SKU-1052,SNA Producto 20 x400ml,SNACKS,17770.0,,PROV-05
SKU-1053,SNA Producto 21 x500ml,snack,4460.0,5730.0,PROV-09
SKU-1054,SNA Producto 22 x500ml,Snaks,8010.0,9320.0,PROV-11
SKU-1055,SNA Producto 23 x1000ml,Snacks,10830.0,15360.0,PROV-09
SKU-1056,SNA Producto 24 x1000ml,Snacks,3410.0,4390.0,PROV-10
SKU-1057,SNA Producto 25 x400ml,Snacks,870.0,1200.0,PROV-08
SKU-1058,SNA Producto 26 x250ml,snack,11450.0,13280.0,PROV-11
SKU-1059,SNA Producto 27 x250ml,SNACKS,9720.0,12670.0,PROV-04
SKU-1060,SNA Producto 28 x250ml,Snaks,0.0,4640.0,PROV-09
SKU-1061,SNA Producto 29 x250ml,Snaks,1280.0,1810.0,PROV-06
SKU-1062,SNA Producto 30 x400ml,snack,11340.0,14590.0,PROV-08
SKU-1063,SNA Producto 31 x400ml,snack,9540.0,13230.0,PROV-09
SKU-1064,SNA Producto 32 x1000ml,Snacks,16160.0,19180.0,PROV-07
SKU-1065,ASE Producto 1 x400ml,Aseo Hogar,7550.0,9240.0,PROV-02
SKU-1066,ASE Producto 2 x250ml,Aseo,4460.0,5440.0,PROV-12
SKU-1067,ASE Producto 3 x500ml,Aseo,11870.0,14730.0,PROV-08
SKU-1068,ASE Producto 4 x1000ml,Aseo Hogar,4580.0,6570.0,PROV-03
SKU-1069,ASE Producto 5 x400ml,Aseo Hogar,28600.499999999996,24870.0,PROV-09
SKU-1070,ASE Producto 6 x500ml,aseo,7750.0,9760.0,PROV-02
SKU-1071,ASE Producto 7 x1000ml,Aseo Hogar,13220.0,14890.0,PROV-12
SKU-1072,ASE Producto 8 x500ml,ASEO,1110.0,1360.0,PROV-02
SKU-1073,ASE Producto 9 x250ml,ASEO,17740.0,24480.0,PROV-05
SKU-1074,ASE Producto 10 x400ml,aseo,5480.0,7780.0,PROV-03
SKU-1075,ASE Producto 11 x500ml,Aseo Hogar,0.0,20870.0,PROV-03
SKU-1076,ASE Producto 12 x1000ml,aseo,10030.0,12940.0,PROV-02
SKU-1077,ASE Producto 13 x400ml,Aseo Hogar,5600.0,7750.0,PROV-02
SKU-1078,ASE Producto 14 x250ml,aseo,5430.0,6110.0,PROV-02
SKU-1079,ASE Producto 15 x500ml,ASEO,11260.0,13440.0,PROV-08
SKU-1080,ASE Producto 16 x1000ml,aseo,1000.0,1450.0,PROV-10
SKU-1081,ASE Producto 17 x400ml,ASEO,3020.0,3910.0,PROV-03
SKU-1082,ASE Producto 18 x500ml,aseo,5300.0,6250.0,PROV-09
SKU-1083,ASE Producto 19 x400ml,aseo,13860.0,16850.0,PROV-06
SKU-1084,ASE Producto 20 x250ml,ASEO,14620.0,21170.0,PROV-01
SKU-1085,ASE Producto 21 x400ml,Aseo Hogar,13410.0,17460.0,PROV-04
SKU-1086,ASE Producto 22 x1000ml,Aseo Hogar,16880.0,19500.0,PROV-09
SKU-1087,ASE Producto 23 x500ml,Aseo,15160.0,18950.0,PROV-04
SKU-1088,ASE Producto 24 x400ml,Aseo Hogar,6690.0,,PROV-06
SKU-1089,ASE Producto 25 x250ml,ASEO,17690.0,24700.0,PROV-11
SKU-1090,ASE Producto 26 x400ml,ASEO,13540.0,16310.0,PROV-02
SKU-1091,ASE Producto 27 x500ml,Aseo,12240.0,15250.0,PROV-12
SKU-1092,ASE Producto 28 x400ml,aseo,5840.0,7430.0,PROV-08
SKU-1093,ASE Producto 29 x500ml,aseo,860.0,1070.0,PROV-04
SKU-1094,ABA Producto 1 x500ml,ABARROTES,17410.0,21280.0,PROV-01
SKU-1095,ABA Producto 2 x500ml,abarrote,6570.0,7540.0,PROV-11
SKU-1096,ABA Producto 3 x250ml,ABARROTES,4260.0,5480.0,PROV-05
SKU-1097,ABA Producto 4 x250ml,Abarrotes,14850.0,17340.0,PROV-01
SKU-1098,ABA Producto 5 x250ml,abarrote,5950.0,7900.0,PROV-09
SKU-1099,ABA Producto 6 x1000ml,Abarrotes,15480.0,18130.0,PROV-12
SKU-1100,ABA Producto 7 x400ml,ABARROTES,17740.0,20740.0,PROV-12
SKU-1101,ABA Producto 8 x400ml,abarrote,16140.0,21420.0,PROV-09
SKU-1102,ABA Producto 9 x250ml,abarrote,10580.0,14690.0,PROV-10
SKU-1103,ABA Producto 10 x400ml,ABARROTES,14530.0,19680.0,PROV-01
SKU-1104,ABA Producto 11 x250ml,Abarrotes,1520.0,2020.0,PROV-08
SKU-1105,ABA Producto 12 x400ml,Abarrotes,10410.0,13820.0,PROV-05
SKU-1106,ABA Producto 13 x250ml,abarrote,860.0,1190.0,PROV-09
SKU-1107,ABA Producto 14 x500ml,ABARROTES,1940.0,2640.0,PROV-05
SKU-1108,ABA Producto 15 x400ml,abarrote,4840.0,6630.0,PROV-11
SKU-1109,ABA Producto 16 x1000ml,ABARROTES,17580.0,22560.0,PROV-08
SKU-1110,ABA Producto 17 x250ml,abarrote,16460.0,20000.0,PROV-11
SKU-1111,ABA Producto 18 x400ml,Abarrotes,11860.0,13590.0,PROV-05
SKU-1112,ABA Producto 19 x400ml,ABARROTES,12010.0,16200.0,PROV-08
SKU-1113,ABA Producto 20 x250ml,abarrote,1840.0,2220.0,PROV-04
SKU-1114,ABA Producto 21 x500ml,Abarrotes,12420.0,15100.0,PROV-08
SKU-1115,ABA Producto 22 x400ml,Abarrotes,8820.0,10220.0,PROV-02
SKU-1116,ABA Producto 23 x1000ml,ABARROTES,16900.0,19030.0,PROV-09
SKU-1117,ABA Producto 24 x500ml,Abarrotes,17450.0,22130.0,PROV-04
SKU-1118,ABA Producto 25 x250ml,abarrote,0.0,23630.0,PROV-02
SKU-1119,ABA Producto 26 x500ml,ABARROTES,3240.0,4190.0,PROV-10
SKU-1120,ABA Producto 27 x250ml,abarrote,14910.0,19200.0,PROV-06
SKU-1121,ABA Producto 28 x1000ml,Abarrotes,7785.499999999999,6770.0,PROV-01
SKU-1122,LAC Producto 1 x1000ml,Lacteos,860.0,1100.0,PROV-05
SKU-1123,LAC Producto 2 x1000ml,lacteos,13310.0,16740.0,PROV-02
SKU-1124,LAC Producto 3 x500ml,Lacteos,15250.0,17090.0,PROV-02
SKU-1125,LAC Producto 4 x250ml,lacteos,16970.0,,PROV-05
SKU-1126,LAC Producto 5 x250ml,lacteos,7200.0,9000.0,PROV-07
SKU-1127,LAC Producto 6 x500ml,LACTEOS,13800.0,19350.0,PROV-01
SKU-1128,LAC Producto 7 x400ml,Lácteos,15160.0,18410.0,PROV-05
SKU-1129,LAC Producto 8 x500ml,Lacteos,8300.0,10160.0,PROV-01
SKU-1130,LAC Producto 9 x400ml,LACTEOS,14770.0,19620.0,PROV-01
SKU-1131,LAC Producto 10 x400ml,lacteos,16860.0,21170.0,PROV-08
SKU-1132,LAC Producto 11 x400ml,Lácteos,1640.0,2340.0,PROV-08
SKU-1133,LAC Producto 12 x500ml,lacteos,7940.0,9630.0,PROV-07
SKU-1134,LAC Producto 13 x1000ml,LACTEOS,12080.0,14730.0,PROV-03
SKU-1135,LAC Producto 14 x1000ml,Lácteos,11860.0,13580.0,PROV-08
SKU-1136,LAC Producto 15 x1000ml,Lacteos,16390.0,23750.0,PROV-03
SKU-1137,LAC Producto 16 x400ml,lacteos,10220.0,12270.0,PROV-09
SKU-1138,LAC Producto 17 x500ml,Lácteos,2370.0,2840.0,PROV-01
SKU-1139,LAC Producto 18 x1000ml,Lácteos,13690.0,,PROV-07
SKU-1140,LAC Producto 19 x1000ml,lacteos,5450.0,7460.0,PROV-10
SKU-1141,LAC Producto 20 x400ml,LACTEOS,17440.0,20260.0,PROV-05
SKU-1142,LAC Producto 21 x1000ml,Lacteos,16220.0,20220.0,PROV-05
SKU-1143,LAC Producto 22 x250ml,Lácteos,15400.0,21680.0,PROV-01
SKU-1144,LAC Producto 23 x1000ml,Lacteos,8110.0,11130.0,PROV-01
SKU-1145,LAC Producto 24 x1000ml,Lacteos,2060.0,2940.0,PROV-04
SKU-1146,LAC Producto 25 x400ml,LACTEOS,14270.0,17040.0,PROV-12
SKU-1147,LAC Producto 26 x1000ml,LACTEOS,12860.0,18000.0,PROV-09
SKU-1148,LAC Producto 27 x400ml,Lácteos,14160.0,15870.0,PROV-10
SKU-1149,LAC Producto 28 x500ml,Lácteos,25472.499999999996,22150.0,PROV-11
SKU-1150,LAC Producto 29 x250ml,LACTEOS,5130.0,6820.0,PROV-02
SKU-1151,LAC Producto 30 x400ml,Lacteos,5970.0,8550.0,PROV-05
