folio,fecha,id_cliente,sku,cantidad,precio_unitario,descuento_pct,ruta,id_vendedor,canal,tabla,motivo_descarte,tipo_fecha
501855,2025-05-04,C-02141,SKU-1049,3,1670.0,1.5,R-03,V-03,Mostrador,ventas,Duplicado exacto,
510415,2026-05-03,C-01582,SKU-1060,24,4640.0,9.6,R-02,V-02,Televenta,ventas,Duplicado exacto,
539793,2024-06-20,C-01285,SKU-1028,24,2330.0,10.9,R-02,V-02,Ruta,ventas,Duplicado exacto,
547017,2026-05-08,C-01816,SKU-1139,12,5000.0,10.0,R-06,V-06,Ruta,ventas,Duplicado exacto,
532437,07/06/2024,C-01805,SKU-1123,1,16740.0,10.8,R-04,V-04,Mostrador,ventas,Duplicado exacto,
546807,2025-07-22,C-01719,SKU-1138,24,2840.0,11.2,R-01,V-01,Ruta,ventas,Duplicado exacto,
532446,21-06-2026,C-00907,SKU-1116,6,19030.0,0.6,R-03,V-03,Ruta,ventas,Duplicado exacto,
554681,07/13/2023,C-00262,SKU-1018,12,4280.0,5.7,R-07,V-07,Ruta,ventas,Duplicado exacto,
558377,2023-11-20,C-01378,SKU-1144,2,11130.0,0.5,R-07,V-07,Ruta,ventas,Duplicado exacto,
535385,08/06/2023,C-01752,SKU-1116,24,19030.0,36.0,R-05,V-05,Ruta,ventas,Duplicado exacto,
504378,11-03-2024,C-00870,SKU-1034,1,17670.0,4.8,R-07,V-07,Ruta,ventas,Duplicado exacto,
541184,23-08-2024,C-00346,SKU-1045,2,5000.0,0.8,R-06,V-06,Televenta,ventas,Duplicado exacto,
516684,16-08-2024,C-01785,SKU-1023,2,4550.0,7.4,R-06,V-06,Ruta,ventas,Duplicado exacto,
556281,2024-10-27,C-02028,SKU-1087,2,18950.0,8.3,R-06,V-06,Ruta,ventas,Duplicado exacto,
515989,2023-12-17,C-00773,SKU-1072,12,1360.0,6.5,R-03,V-03,Ruta,ventas,Duplicado exacto,
507622,11/06/2024,C-00335,SKU-1063,1,13230.0,7.3,R-07,V-07,Televenta,ventas,Duplicado exacto,
514400,2025-11-10,C-01745,SKU-1029,6,12840.0,2.2,R-07,V-07,Ruta,ventas,Duplicado exacto,
516326,2024-07-19,C-00350,SKU-1101,3,21420.0,3.3,R-07,V-07,Ruta,ventas,Duplicado exacto,
538425,05/06/2025,C-00833,SKU-1057,3,1200.0,11.3,R-02,V-02,Mostrador,ventas,Duplicado exacto,
507803,2023-03-30,C-01011,SKU-1121,6,6770.0,7.8,R-02,V-02,Ruta,ventas,Duplicado exacto,
502559,2025-12-05,C-01158,SKU-1051,1,11530.0,25.3,R-05,V-05,Ruta,ventas,Duplicado exacto,
522723,28/10/2025,C-01727,SKU-1099,3,18130.0,4.3,R-06,V-06,Televenta,ventas,Duplicado exacto,
520514,2024-12-25,C-01009,SKU-1017,3,9970.0,5.4,R-08,V-08,Ruta,ventas,Duplicado exacto,
505651,13/07/2024,C-00537,SKU-1072,1,1360.0,8.4,R-02,V-02,Ruta,ventas,Duplicado exacto,
506976,2023-09-14,C-00767,SKU-1149,1,22150.0,11.3,R-08,V-08,Televenta,ventas,Duplicado exacto,
512515,18-11-2024,C-02031,SKU-1077,4,7750.0,5.5,R-08,V-08,Ruta,ventas,Duplicado exacto,
555922,02-04-2024,C-90092,SKU-1113,4,2220.0,1.6,R-07,V-07,Televenta,ventas,Duplicado exacto,
555899,28-12-2023,C-00823,SKU-1014,4,8760.0,11.7,R-01,V-01,Mostrador,ventas,Duplicado exacto,
530076,2025-08-09,C-01441,SKU-1092,2,7430.0,7.2,R-02,V-02,Mostrador,ventas,Duplicado exacto,
542140,2025-12-25,C-02231,SKU-1012,24,10950.0,6.9,R-04,V-04,Televenta,ventas,Duplicado exacto,
533881,2025-03-14,C-00670,SKU-1042,6,25530.0,6.5,R-07,V-07,Mostrador,ventas,Duplicado exacto,
501717,2024-08-07,C-01447,SKU-1122,12,1100.0,1.1,R-03,V-03,Ruta,ventas,Duplicado exacto,
510747,2026-01-06,C-00150,SKU-1118,12,23630.0,11.2,R-03,V-03,Televenta,ventas,Duplicado exacto,
541948,27-03-2026,C-90146,SKU-1064,12,19180.0,7.4,R-04,V-04,Ruta,ventas,Duplicado exacto,
539689,2026-06-04,C-00566,SKU-1063,24,13230.0,1.3,R-02,V-02,Televenta,ventas,Duplicado exacto,
551100,09/11/2023,C-01731,SKU-1068,6,6570.0,10.4,R-04,V-04,Ruta,ventas,Duplicado exacto,
526501,28-03-2026,C-01412,SKU-1139,24,5000.0,2.6,R-04,V-04,Ruta,ventas,Duplicado exacto,
500990,27/06/2024,C-90150,SKU-1129,3,10160.0,37.7,R-05,V-05,Ruta,ventas,Duplicado exacto,
537257,02/08/2023,C-90001,SKU-1070,2,9760.0,31.1,R-05,V-05,Ruta,ventas,Duplicado exacto,
538571,2026-05-15,C-00846,SKU-1091,6,15250.0,1.4,R-08,V-08,Ruta,ventas,Duplicado exacto,
530263,2025-01-19,C-01591,SKU-1007,2,12550.0,9.4,R-02,V-02,Ruta,ventas,Duplicado exacto,
506759,14/08/2025,C-00367,SKU-1059,6,12670.0,2.2,R-02,V-02,Mostrador,ventas,Duplicado exacto,
554749,2023-10-04,C-00813,SKU-1061,-1,1810.0,5.8,R-04,V-04,Ruta,ventas,Duplicado exacto,
529077,2024-04-20,C-01064,SKU-1020,6,4580.0,10.4,R-03,V-03,Mostrador,ventas,Duplicado exacto,
556901,09-12-2023,C-01275,SKU-1118,6,23630.0,3.7,R-03,V-03,Mostrador,ventas,Duplicado exacto,
538244,2026-05-29,C-01872,SKU-1118,24,23630.0,9.9,R-07,V-07,Ruta,ventas,Duplicado exacto,
521448,17/10/2025,C-01747,SKU-1097,1,17340.0,1.7,R-08,V-08,Ruta,ventas,Duplicado exacto,
547470,2024-04-15,C-01815,SKU-1033,12,2630.0,0.8,R-07,V-07,Ruta,ventas,Duplicado exacto,
539359,2025-03-19,C-00837,SKU-1109,1,22560.0,2.2,R-08,V-08,Ruta,ventas,Duplicado exacto,
541502,2025-03-17,C-02333,SKU-1057,24,1200.0,6.7,R-06,V-06,Ruta,ventas,Duplicado exacto,
538089,2023-02-03,C-01110,SKU-1028,4,2330.0,1.4,R-06,V-06,Televenta,ventas,Duplicado exacto,
515446,06-08-2023,C-00368,SKU-1097,1,17340.0,1.1,R-03,V-03,Televenta,ventas,Duplicado exacto,
521413,02-03-2026,C-01013,SKU-1040,6,1470.0,8.3,R-08,V-08,Ruta,ventas,Duplicado exacto,
556813,06-01-2025,C-01725,SKU-1009,4,13800.0,3.3,R-01,V-01,Ruta,ventas,Duplicado exacto,
557699,2023-05-07,C-01679,SKU-1076,6,12940.0,5.8,R-07,V-07,Televenta,ventas,Duplicado exacto,
546719,02/01/2026,C-00687,SKU-1072,4,1360.0,5.3,R-04,V-04,Ruta,ventas,Duplicado exacto,
541328,06/01/2024,C-01799,SKU-1027,24,9690.0,0.4,R-04,V-04,Ruta,ventas,Duplicado exacto,
522664,2025-03-26,C-01479,SKU-1114,2,15100.0,31.9,R-05,V-05,Ruta,ventas,Duplicado exacto,
537697,31-01-2025,C-00053,SKU-1121,2,6770.0,31.4,R-05,V-05,Ruta,ventas,Duplicado exacto,
538165,29-04-2025,C-02209,SKU-1005,3,18930.0,11.0,R-08,V-08,Ruta,ventas,Duplicado exacto,
526444,2025-10-14,C-00509,SKU-1008,4,2170.0,8.7,R-07,V-07,Ruta,ventas,Duplicado exacto,
514377,2023-12-04,C-01031,SKU-1128,12,18410.0,0.1,R-07,V-07,Ruta,ventas,Duplicado exacto,
524577,2023-11-10,C-02187,SKU-1066,6,5440.0,39.2,R-05,V-05,Televenta,ventas,Duplicado exacto,
505378,08-02-2024,C-02130,SKU-1053,2,5730.0,36.2,R-05,V-05,Ruta,ventas,Duplicado exacto,
517349,2025-02-10,C-00605,SKU-1038,2,21330.0,4.4,R-04,V-04,Ruta,ventas,Duplicado exacto,
521130,06/03/2023,C-01607,SKU-1074,6,7780.0,3.7,R-08,V-08,Ruta,ventas,Duplicado exacto,
545540,12/12/2023,C-01831,SKU-1020,2,4580.0,31.7,R-05,V-05,Televenta,ventas,Duplicado exacto,
540134,30/05/2024,C-01246,SKU-1023,3,4550.0,8.5,R-08,V-08,Ruta,ventas,Duplicado exacto,
517944,2025-07-29,C-00317,SKU-1100,1,20740.0,3.0,R-02,V-02,Ruta,ventas,Duplicado exacto,
516650,2025-11-15,C-01289,SKU-1030,1,12990.0,8.9,R-02,V-02,Ruta,ventas,Duplicado exacto,
548641,2026-04-13,C-02151,SKU-1010,12,15390.0,10.1,R-04,V-04,Mostrador,ventas,Duplicado exacto,
513735,22-07-2023,C-00435,SKU-1141,6,20260.0,5.2,R-01,V-01,Mostrador,ventas,Duplicado exacto,
520445,2026-04-12,C-01665,SKU-1094,4,21280.0,3.0,R-02,V-02,Mostrador,ventas,Duplicado exacto,
547021,27-01-2025,C-01752,SKU-1113,12,2220.0,3.6,R-07,V-07,Mostrador,ventas,Duplicado exacto,
500772,06/06/2026,C-00049,SKU-1038,12,21330.0,8.5,R-01,V-01,Ruta,ventas,Duplicado exacto,
554907,09-01-2024,C-01043,SKU-1071,3,14890.0,10.0,R-03,V-03,Ruta,ventas,Duplicado exacto,
528779,30/09/2023,C-00856,SKU-1104,4,2020.0,10.7,R-01,V-01,Ruta,ventas,Duplicado exacto,
519710,2025-06-19,C-01104,SKU-1130,24,19620.0,29.3,R-05,V-05,Mostrador,ventas,Duplicado exacto,
546156,26/11/2024,C-02187,SKU-1051,4,11530.0,9.7,R-02,V-02,Ruta,ventas,Duplicado exacto,
513552,2023-12-16,C-00130,SKU-1021,12,18980.0,0.8,R-04,V-04,Televenta,ventas,Duplicado exacto,
523201,05/12/2025,C-01524,SKU-1003,24,17440.0,3.9,R-02,V-02,Ruta,ventas,Duplicado exacto,
551324,2025-03-23,C-00101,SKU-1052,3,5000.0,28.3,R-05,V-05,Televenta,ventas,Duplicado exacto,
500050,2023-12-04,C-00054,SKU-1028,2,2330.0,11.6,R-06,V-06,Ruta,ventas,Duplicado exacto,
541847,2023-07-02,C-01859,SKU-1091,24,15250.0,4.6,R-06,V-06,Televenta,ventas,Duplicado exacto,
528899,2024-09-18,C-00440,SKU-1035,3,9460.0,7.4,R-08,V-08,Ruta,ventas,Duplicado exacto,
524511,25/07/2024,C-01342,SKU-1072,1,1360.0,29.0,R-05,V-05,Ruta,ventas,Duplicado exacto,
554682,2024-05-10,C-00093,SKU-1062,2,14590.0,38.9,R-05,V-05,Ruta,ventas,Duplicado exacto,
525462,19/07/2025,C-00290,SKU-1110,12,20000.0,36.9,R-05,V-05,Ruta,ventas,Duplicado exacto,
535376,2023-04-17,C-00343,SKU-1024,1,4780.0,9.8,R-02,V-02,Ruta,ventas,Duplicado exacto,
548299,2026-03-05,C-00821,SKU-1096,4,5480.0,4.1,R-01,V-01,Mostrador,ventas,Duplicado exacto,
501004,2025-01-16,C-00047,SKU-1010,2,15390.0,37.4,R-05,V-05,Ruta,ventas,Duplicado exacto,
509940,2025-12-11,C-00055,SKU-1038,1,21330.0,7.4,R-04,V-04,Ruta,ventas,Duplicado exacto,
550395,06/19/2026,C-00752,SKU-1119,2,4190.0,3.6,R-06,V-06,Ruta,ventas,Duplicado exacto,
517073,12/11/2025,C-02335,SKU-1073,2,24480.0,6.6,R-04,V-04,Ruta,ventas,Duplicado exacto,
500209,2025-07-17,C-01137,SKU-1146,4,17040.0,29.6,R-05,V-05,Ruta,ventas,Duplicado exacto,
541390,2023-11-22,C-00316,SKU-1064,1,19180.0,3.1,R-01,V-01,Ruta,ventas,Duplicado exacto,
502548,21/08/2024,C-00286,SKU-1148,3,15870.0,7.0,R-06,V-06,Ruta,ventas,Duplicado exacto,
558642,05/25/2023,C-00993,SKU-1089,12,24700.0,8.7,R-07,V-07,Televenta,ventas,Duplicado exacto,
520096,13/08/2025,C-00304,SKU-1143,3,21680.0,1.5,R-08,V-08,Ruta,ventas,Duplicado exacto,
540676,06/11/2024,C-02345,SKU-1149,1,22150.0,6.0,R-02,V-02,Televenta,ventas,Duplicado exacto,
542246,2026-03-15,C-01314,SKU-1112,24,16200.0,34.1,R-05,V-05,Televenta,ventas,Duplicado exacto,
500698,2026-02-13,C-01835,SKU-1006,3,8490.0,8.7,R-03,V-03,Ruta,ventas,Duplicado exacto,
544669,10/14/2024,C-00391,SKU-1112,4,16200.0,1.6,R-01,V-01,Ruta,ventas,Duplicado exacto,
547156,2025-05-19,C-00624,SKU-1036,6,21120.0,40.9,R-05,V-05,Ruta,ventas,Duplicado exacto,
538653,2025-01-25,C-01473,SKU-1069,3,24870.0,7.6,R-04,V-04,Televenta,ventas,Duplicado exacto,
559744,2023-06-18,C-90059,SKU-1022,1,22990.0,7.1,R-07,V-07,Ruta,ventas,Duplicado exacto,
531540,11-12-2023,C-00651,SKU-1151,3,8550.0,11.6,R-02,V-02,Televenta,ventas,Duplicado exacto,
554176,2024-11-16,C-01422,SKU-1140,4,7460.0,7.3,R-03,V-03,Televenta,ventas,Duplicado exacto,
545378,30/05/2025,C-01426,SKU-1115,2,10220.0,6.3,R-01,V-01,Ruta,ventas,Duplicado exacto,
538052,21/02/2023,C-01687,SKU-1059,4,12670.0,4.8,R-06,V-06,Televenta,ventas,Duplicado exacto,
515391,2024-01-01,C-01902,SKU-1144,24,11130.0,1.2,R-04,V-04,Ruta,ventas,Duplicado exacto,
529808,2026-06-06,C-01885,SKU-1031,6,16810.0,7.0,R-01,V-01,Ruta,ventas,Duplicado exacto,
510179,2024-12-03,C-00107,SKU-1145,2,2940.0,0.0,R-06,V-06,Televenta,ventas,Duplicado exacto,
517886,07/11/2024,C-00041,SKU-1135,1,13580.0,11.1,R-02,V-02,Ruta,ventas,Duplicado exacto,
524896,2024-08-19,C-00931,SKU-1040,6,1470.0,8.8,R-02,V-02,Ruta,ventas,Duplicado exacto,
550335,28/01/2024,C-01428,SKU-1050,4,21680.0,2.2,R-02,V-02,Ruta,ventas,Duplicado exacto,
543417,2025-10-19,C-00123,SKU-1027,2,9690.0,34.1,R-05,V-05,Televenta,ventas,Duplicado exacto,
506766,2024-02-26,C-01413,SKU-1075,4,20870.0,5.8,R-02,V-02,Mostrador,ventas,Duplicado exacto,
550737,2024-08-23,C-00784,SKU-1127,4,19350.0,38.3,R-05,V-05,Televenta,ventas,Duplicado exacto,
543459,2026-06-01,C-99999,SKU-1107,6,2640.0,4.9,R-04,V-04,Ruta,ventas,Duplicado exacto,
510322,22-01-2024,C-00101,SKU-1031,12,16810.0,28.4,R-05,V-05,Ruta,ventas,Duplicado exacto,
504996,02/06/2026,C-01021,SKU-1122,24,1100.0,0.8,R-08,V-08,Televenta,ventas,Duplicado exacto,
523039,18-08-2023,C-01711,SKU-1030,4,12990.0,1.1,R-03,V-03,Ruta,ventas,Duplicado exacto,
522960,09-03-2023,C-01101,SKU-1028,24,2330.0,0.6,R-08,V-08,Ruta,ventas,Duplicado exacto,
536222,21-12-2023,C-02266,SKU-1033,12,2630.0,3.0,R-02,V-02,Ruta,ventas,Duplicado exacto,
558302,03/06/2023,C-01807,SKU-1059,24,12670.0,28.4,R-05,V-05,Ruta,ventas,Duplicado exacto,
546159,09-06-2025,C-00142,SKU-1102,12,14690.0,4.6,R-03,V-03,Ruta,ventas,Duplicado exacto,
550893,2023-12-09,C-00373,SKU-1016,6,17160.0,3.2,R-03,V-03,Mostrador,ventas,Duplicado exacto,
549086,01-06-2024,C-90090,SKU-1136,24,23750.0,25.9,R-05,V-05,Ruta,ventas,Duplicado exacto,
514659,2025-06-02,C-00849,SKU-1009,6,13800.0,4.0,R-04,V-04,Ruta,ventas,Duplicado exacto,
552649,2026-06-04,C-90007,SKU-1113,6,2220.0,32.7,R-05,V-05,Ruta,ventas,Duplicado exacto,
506685,04/23/2023,C-00786,SKU-1148,12,15870.0,8.8,R-04,V-04,Ruta,ventas,Duplicado exacto,
550550,2025-07-16,C-01072,SKU-1091,2,15250.0,11.8,R-07,V-07,Ruta,ventas,Duplicado exacto,
514623,06/29/2023,C-00216,SKU-1033,4,2630.0,0.9,R-01,V-01,Ruta,ventas,Duplicado exacto,
523895,06-05-2024,C-01750,SKU-1128,6,18410.0,5.9,R-01,V-01,Ruta,ventas,Duplicado exacto,
538027,2025-07-30,C-02038,SKU-1118,24,23630.0,1.0,R-07,V-07,Televenta,ventas,Duplicado exacto,
508684,2023-06-16,C-01401,SKU-1147,12,18000.0,10.8,R-06,V-06,Ruta,ventas,Duplicado exacto,
530636,2025-05-26,C-01313,SKU-1094,4,21280.0,2.2,R-01,V-01,Ruta,ventas,Duplicado exacto,
526994,11/03/2025,C-02272,SKU-1042,6,25530.0,5.3,R-06,V-06,Televenta,ventas,Duplicado exacto,
524153,22-08-2024,C-00745,SKU-1023,6,4550.0,6.8,R-04,V-04,Mostrador,ventas,Duplicado exacto,
537550,15/10/2025,C-01251,SKU-1080,4,1450.0,35.3,R-05,V-05,Mostrador,ventas,Duplicado exacto,
550610,2023-10-27,C-00242,SKU-1112,2,16200.0,34.0,R-05,V-05,Ruta,ventas,Duplicado exacto,
528405,2026-03-10,C-00599,SKU-1107,12,2640.0,3.9,R-01,V-01,Mostrador,ventas,Duplicado exacto,
545637,2023-12-08,C-01090,SKU-1019,6,3630.0,10.5,R-06,V-06,Ruta,ventas,Duplicado exacto,
512853,2023-12-10,C-00365,SKU-1051,2,11530.0,8.7,R-04,V-04,Ruta,ventas,Duplicado exacto,
505362,2024-12-25,C-00345,SKU-1091,1,15250.0,7.0,R-06,V-06,Ruta,ventas,Duplicado exacto,
511192,2024-01-17,C-00421,SKU-1020,24,4580.0,35.0,R-05,V-05,Ruta,ventas,Duplicado exacto,
528754,2026-03-23,C-00616,SKU-1076,2,12940.0,9.6,R-01,V-01,Mostrador,ventas,Duplicado exacto,
541608,2023-12-01,C-02371,SKU-1034,3,17670.0,5.5,R-07,V-07,Ruta,ventas,Duplicado exacto,
506348,01/06/2026,C-01122,SKU-1033,12,2630.0,5.3,R-02,V-02,Televenta,ventas,Duplicado exacto,
536911,2025-03-13,C-02234,SKU-1149,1,22150.0,6.1,R-07,V-07,Ruta,ventas,Duplicado exacto,
509401,02/09/2023,C-00763,SKU-1079,4,13440.0,3.4,R-02,V-02,Ruta,ventas,Duplicado exacto,
501663,27/12/2025,C-01562,SKU-1143,4,21680.0,7.7,R-08,V-08,Ruta,ventas,Duplicado exacto,
556299,03/02/2025,C-02075,SKU-1091,24,15250.0,4.1,R-03,V-03,Televenta,ventas,Duplicado exacto,
539076,2023-08-04,C-01531,SKU-1098,1,7900.0,3.8,R-01,V-01,Televenta,ventas,Duplicado exacto,
534814,2026-03-22,C-00243,SKU-1089,12,24700.0,7.1,R-08,V-08,Televenta,ventas,Duplicado exacto,
554202,2023-01-07,C-00008,SKU-1087,6,18950.0,39.0,R-05,V-05,Mostrador,ventas,Duplicado exacto,
505947,2023-10-22,C-01147,SKU-1079,2,13440.0,2.3,R-07,V-07,Ruta,ventas,Duplicado exacto,
529562,2025-12-05,C-02000,SKU-1071,24,14890.0,2.0,R-06,V-06,Ruta,ventas,Duplicado exacto,
512290,06/12/2024,C-00251,SKU-1069,3,24870.0,0.5,R-04,V-04,Televenta,ventas,Duplicado exacto,
530293,2023-02-11,C-90121,SKU-1146,12,17040.0,1.9,R-06,V-06,Mostrador,ventas,Duplicado exacto,
556946,2025-08-30,C-00286,SKU-1107,24,2640.0,9.4,R-04,V-04,Ruta,ventas,Duplicado exacto,
521508,02-05-2025,C-01089,SKU-1045,1,5000.0,3.4,R-01,V-01,Ruta,ventas,Duplicado exacto,
556518,2024-04-23,C-00261,SKU-1008,2,2170.0,6.5,R-03,V-03,Televenta,ventas,Duplicado exacto,
535227,2024-09-15,C-01283,SKU-1136,2,23750.0,3.6,R-06,V-06,Ruta,ventas,Duplicado exacto,
522092,22-06-2025,C-02189,SKU-1096,1,5480.0,10.2,R-01,V-01,Ruta,ventas,Duplicado exacto,
533218,2023-04-16,C-00702,SKU-1039,12,16170.0,7.9,R-03,V-03,Televenta,ventas,Duplicado exacto,
544153,2024-10-07,C-00816,SKU-1072,4,1360.0,4.5,R-07,V-07,Ruta,ventas,Duplicado exacto,
517802,2024-11-27,C-01093,SKU-1047,24,9030.0,9.9,R-03,V-03,Ruta,ventas,Duplicado exacto,
514538,2024-09-30,C-00239,SKU-1118,1,23630.0,8.8,R-06,V-06,Televenta,ventas,Duplicado exacto,
553357,17/05/2026,C-01883,SKU-1094,1,21280.0,8.0,R-02,V-02,Ruta,ventas,Duplicado exacto,
509968,06/13/2026,C-00657,SKU-1123,2,16740.0,2.9,R-06,V-06,Televenta,ventas,Duplicado exacto,
558075,05/02/2025,C-01790,SKU-1112,1,16200.0,3.7,R-06,V-06,Ruta,ventas,Duplicado exacto,
554851,2024-01-25,C-90106,SKU-1139,2,5000.0,1.8,R-07,V-07,Ruta,ventas,Duplicado exacto,
519049,11-06-2025,C-00363,SKU-1086,3,19500.0,8.6,R-08,V-08,Televenta,ventas,Duplicado exacto,
535601,2024-01-26,C-00286,SKU-1030,12,12990.0,1.0,R-03,V-03,Ruta,ventas,Duplicado exacto,
546120,2023-05-14,C-00368,SKU-1039,6,16170.0,29.5,R-05,V-05,Ruta,ventas,Duplicado exacto,
500379,16-04-2025,C-01114,SKU-1085,12,17460.0,1.6,R-06,V-06,Mostrador,ventas,Duplicado exacto,
533930,2024-01-05,C-00557,SKU-1012,12,10950.0,9.5,R-02,V-02,Ruta,ventas,Duplicado exacto,
506438,11/10/2023,C-01081,SKU-1070,4,9760.0,10.8,R-01,V-01,Ruta,ventas,Duplicado exacto,
541339,11/08/2025,C-00139,SKU-1070,24,9760.0,0.8,R-04,V-04,Ruta,ventas,Duplicado exacto,
557459,2026-04-16,C-00120,SKU-1036,2,21120.0,10.0,R-01,V-01,Ruta,ventas,Duplicado exacto,
526419,2023-09-13,C-00462,SKU-1124,3,17090.0,5.5,R-08,V-08,Ruta,ventas,Duplicado exacto,
533799,2024-04-20,C-00710,SKU-1108,1,6630.0,10.3,R-03,V-03,Mostrador,ventas,Duplicado exacto,
549147,2023-09-29,C-01578,SKU-1091,-3,15250.0,2.0,R-07,V-07,Ruta,ventas,Duplicado exacto,
528229,15/08/2023,C-00866,SKU-1013,12,1970.0,2.4,R-03,V-03,Mostrador,ventas,Duplicado exacto,
536703,2025-07-13,C-00293,SKU-1070,2,9760.0,9.5,R-08,V-08,Ruta,ventas,Duplicado exacto,
523526,2023-06-23,C-01057,SKU-1113,1,2220.0,6.7,R-08,V-08,Ruta,ventas,Duplicado exacto,
538207,2023-12-23,C-01580,SKU-1087,3,18950.0,4.2,R-06,V-06,Televenta,ventas,Duplicado exacto,
513066,05/30/2025,C-02219,SKU-1122,4,1100.0,2.6,R-03,V-03,Ruta,ventas,Duplicado exacto,
542455,2025-09-14,C-00795,SKU-1124,1,17090.0,10.0,R-01,V-01,Ruta,ventas,Duplicado exacto,
557149,22/10/2025,C-01873,SKU-1117,1,22130.0,4.1,R-08,V-08,Ruta,ventas,Duplicado exacto,
552857,2023-06-14,C-02003,SKU-1034,4,17670.0,1.1,R-03,V-03,Ruta,ventas,Duplicado exacto,
529199,2026-01-12,C-00013,SKU-1140,3,7460.0,3.4,R-04,V-04,Televenta,ventas,Duplicado exacto,
510506,05-02-2023,C-01994,SKU-1034,4,17670.0,9.0,R-06,V-06,Televenta,ventas,Duplicado exacto,
548850,2025-02-08,C-00005,SKU-1041,6,5450.0,3.5,R-07,V-07,Ruta,ventas,Duplicado exacto,
546994,25/11/2023,C-01026,SKU-1105,12,13820.0,11.1,R-06,V-06,Televenta,ventas,Duplicado exacto,
509377,14/02/2026,C-90090,SKU-1059,4,12670.0,10.8,R-02,V-02,Ruta,ventas,Duplicado exacto,
541246,20/07/2023,C-00789,SKU-1040,12,1470.0,11.7,R-07,V-07,Televenta,ventas,Duplicado exacto,
555708,2024-05-17,C-01999,SKU-1022,6,22990.0,5.4,R-07,V-07,Ruta,ventas,Duplicado exacto,
519969,11/01/2024,C-00350,SKU-1106,4,1190.0,8.5,R-04,V-04,Ruta,ventas,Duplicado exacto,
543548,16/05/2024,C-01758,SKU-1043,12,3260.0,5.6,R-06,V-06,Ruta,ventas,Duplicado exacto,
525336,10/01/2023,C-00392,SKU-1107,24,2640.0,3.6,R-04,V-04,Mostrador,ventas,Duplicado exacto,
519563,2024-12-19,C-01806,SKU-1059,24,12670.0,11.2,R-04,V-04,Ruta,ventas,Duplicado exacto,
527872,05/04/2024,C-00363,SKU-1008,24,2170.0,8.1,R-02,V-02,Ruta,ventas,Duplicado exacto,
537844,2025-10-02,C-00793,SKU-1116,24,19030.0,8.6,R-07,V-07,Ruta,ventas,Duplicado exacto,
528707,2025-08-02,C-01344,SKU-1001,12,3180.0,4.2,R-03,V-03,Mostrador,ventas,Duplicado exacto,
521367,09-04-2026,C-01336,SKU-1071,2,14890.0,1.2,R-07,V-07,Ruta,ventas,Duplicado exacto,
528147,30/04/2025,C-01148,SKU-1090,2,16310.0,1.6,R-02,V-02,Ruta,ventas,Duplicado exacto,
540329,2025-12-16,C-90158,SKU-1125,24,5000.0,11.7,R-07,V-07,Ruta,ventas,Duplicado exacto,
559311,21/09/2023,C-90178,SKU-1045,6,5000.0,10.0,R-04,V-04,Televenta,ventas,Duplicado exacto,
530672,2025-04-25,C-00383,SKU-1015,12,21760.0,5.3,R-06,V-06,Ruta,ventas,Duplicado exacto,
531492,02/25/2023,C-00467,SKU-1043,24,3260.0,11.7,R-02,V-02,Ruta,ventas,Duplicado exacto,
545591,2024-12-14,C-01205,SKU-1013,12,1970.0,5.0,R-06,V-06,Ruta,ventas,Duplicado exacto,
517284,13/06/2023,C-02056,SKU-1148,3,15870.0,27.5,R-05,V-05,Televenta,ventas,Duplicado exacto,
521484,26-12-2024,C-01594,SKU-1071,2,14890.0,3.3,R-03,V-03,Ruta,ventas,Duplicado exacto,
543769,2023-06-19,C-01659,SKU-1145,3,2940.0,8.6,R-07,V-07,Ruta,ventas,Duplicado exacto,
535991,2023-06-10,C-00768,SKU-1121,1,6770.0,4.5,R-06,V-06,Ruta,ventas,Duplicado exacto,
559345,2024-02-26,C-01739,SKU-1020,2,4580.0,2.9,R-01,V-01,Televenta,ventas,Duplicado exacto,
557796,09-12-2025,C-00420,SKU-1046,12,17510.0,8.4,R-06,V-06,Ruta,ventas,Duplicado exacto,
556933,2024-01-02,C-00803,SKU-1115,3,10220.0,11.9,R-06,V-06,Televenta,ventas,Duplicado exacto,
532198,06/19/2025,C-00252,SKU-1074,6,7780.0,10.5,R-02,V-02,Televenta,ventas,Duplicado exacto,
558248,2024-01-20,C-02106,SKU-1115,6,10220.0,36.0,R-05,V-05,Ruta,ventas,Duplicado exacto,
506042,02/06/2026,C-00615,SKU-1045,4,5000.0,6.9,R-01,V-01,Televenta,ventas,Duplicado exacto,
526431,2023-08-05,C-00294,SKU-1041,24,5450.0,5.7,R-04,V-04,Ruta,ventas,Duplicado exacto,
524556,2023-08-31,C-02027,SKU-1126,1,9000.0,0.6,R-08,V-08,Mostrador,ventas,Duplicado exacto,
533742,2025-06-07,C-00821,SKU-1100,2,20740.0,42.0,R-05,V-05,Mostrador,ventas,Duplicado exacto,
553297,08/24/2024,C-02138,SKU-1070,24,9760.0,9.8,R-06,V-06,Televenta,ventas,Duplicado exacto,
519944,18-05-2026,C-00294,SKU-1103,3,19680.0,2.7,R-08,V-08,Ruta,ventas,Duplicado exacto,
514282,2025-02-15,C-01046,SKU-1098,6,7900.0,0.2,R-01,V-01,Ruta,ventas,Duplicado exacto,
503250,03/06/2026,C-01333,SKU-1148,24,15870.0,40.8,R-05,V-05,Televenta,ventas,Duplicado exacto,
539504,2026-03-27,C-02132,SKU-1073,6,24480.0,11.7,R-04,V-04,Ruta,ventas,Duplicado exacto,
506786,2023-12-02,C-01080,SKU-1006,6,8490.0,1.6,R-07,V-07,Ruta,ventas,Duplicado exacto,
552214,26/05/2026,C-01340,SKU-1069,4,24870.0,1.6,R-01,V-01,Ruta,ventas,Duplicado exacto,
501464,2023-01-24,C-01346,SKU-1037,12,8260.0,4.7,R-01,V-01,Ruta,ventas,Duplicado exacto,
535972,2023-08-21,C-02046,SKU-1141,2,20260.0,8.0,R-03,V-03,Ruta,ventas,Duplicado exacto,
541513,2025-12-06,C-00895,SKU-1129,4,10160.0,10.0,R-02,V-02,Televenta,ventas,Duplicado exacto,
512739,2023-02-26,C-00332,SKU-1027,1,9690.0,7.9,R-08,V-08,Mostrador,ventas,Duplicado exacto,
530393,2024-04-15,C-00646,SKU-1141,1,20260.0,5.4,R-04,V-04,Mostrador,ventas,Duplicado exacto,
510987,01/05/2023,C-01196,SKU-1055,12,15360.0,1.5,R-07,V-07,Televenta,ventas,Duplicado exacto,
517665,2024-07-01,C-00072,SKU-1142,2,20220.0,4.1,R-06,V-06,Mostrador,ventas,Duplicado exacto,
529922,11/01/2024,C-00167,SKU-1047,6,9030.0,11.1,R-08,V-08,Televenta,ventas,Duplicado exacto,
515088,31-12-2025,C-00555,SKU-1113,12,2220.0,7.7,R-08,V-08,Ruta,ventas,Duplicado exacto,
556437,25/01/2023,C-00653,SKU-1113,12,2220.0,1.7,R-03,V-03,Mostrador,ventas,Duplicado exacto,
508640,04/08/2023,C-01800,SKU-1022,12,22990.0,39.0,R-05,V-05,Televenta,ventas,Duplicado exacto,
513550,2023-06-06,C-02267,SKU-1131,2,21170.0,8.9,R-02,V-02,Televenta,ventas,Duplicado exacto,
513910,2023-07-11,C-01699,SKU-1050,3,21680.0,4.7,R-06,V-06,Ruta,ventas,Duplicado exacto,
504949,2023-05-30,C-00859,SKU-1056,1,4390.0,3.8,R-07,V-07,Mostrador,ventas,Duplicado exacto,
553753,2024-10-17,C-01638,SKU-1042,2,25530.0,8.4,R-01,V-01,Ruta,ventas,Duplicado exacto,
532270,10-06-2026,C-00377,SKU-1045,6,5000.0,32.2,R-05,V-05,Mostrador,ventas,Duplicado exacto,
535014,2024-12-30,C-02054,SKU-1056,3,4390.0,8.3,R-08,V-08,Ruta,ventas,Duplicado exacto,
510146,2025-12-09,C-90010,SKU-1049,4,1670.0,2.9,R-03,V-03,Televenta,ventas,Duplicado exacto,
507199,2023-02-20,C-00135,SKU-1008,12,2170.0,2.1,R-01,V-01,Mostrador,ventas,Duplicado exacto,
531583,28/04/2025,C-90110,SKU-1133,3,9630.0,41.6,R-05,V-05,Ruta,ventas,Duplicado exacto,
504506,2025-12-28,C-02350,SKU-1138,3,2840.0,9.4,R-08,V-08,Ruta,ventas,Duplicado exacto,
523767,2025-07-26,C-01176,SKU-1150,12,6820.0,5.9,R-04,V-04,Mostrador,ventas,Duplicado exacto,
553449,14/05/2026,C-01712,SKU-1078,4,6110.0,1.9,R-02,V-02,Ruta,ventas,Duplicado exacto,
550695,2023-12-01,C-01732,SKU-1127,12,19350.0,10.1,R-02,V-02,Mostrador,ventas,Duplicado exacto,
543260,31/01/2023,C-02308,SKU-1128,6,18410.0,8.5,R-01,V-01,Mostrador,ventas,Duplicado exacto,
500486,19/08/2025,C-00078,SKU-1137,12,12270.0,6.6,R-02,V-02,Ruta,ventas,Duplicado exacto,
529067,2023-08-01,C-01703,SKU-1026,4,22410.0,29.8,R-05,V-05,Televenta,ventas,Duplicado exacto,
512332,2023-01-06,C-90075,SKU-1061,4,1810.0,37.6,R-05,V-05,Ruta,ventas,Duplicado exacto,
551764,15/08/2024,C-01001,SKU-1063,6,13230.0,4.7,R-07,V-07,Televenta,ventas,Duplicado exacto,
504773,24/03/2023,C-00172,SKU-1063,6,13230.0,1.8,R-07,V-07,Ruta,ventas,Duplicado exacto,
513935,2026-01-30,C-02333,SKU-1066,4,5440.0,30.7,R-05,V-05,Ruta,ventas,Duplicado exacto,
523030,18/11/2025,C-01027,SKU-1107,3,2640.0,0.8,R-07,V-07,Mostrador,ventas,Duplicado exacto,
529434,2025-04-30,C-01711,SKU-1140,2,7460.0,2.8,R-06,V-06,Mostrador,ventas,Duplicado exacto,
522409,08/01/2023,C-01384,SKU-1026,1,22410.0,2.3,R-04,V-04,Mostrador,ventas,Duplicado exacto,
550296,2024-01-16,C-02340,SKU-1071,1,14890.0,4.4,R-04,V-04,Mostrador,ventas,Duplicado exacto,
502235,07/20/2025,C-01006,SKU-1076,6,12940.0,12.0,R-02,V-02,Mostrador,ventas,Duplicado exacto,
504385,08-06-2026,C-00336,SKU-1019,3,3630.0,10.3,R-07,V-07,Ruta,ventas,Duplicado exacto,
508704,2025-04-19,C-01176,SKU-1135,3,13580.0,0.7,R-07,V-07,Mostrador,ventas,Duplicado exacto,
508306,09/05/2024,C-02189,SKU-1081,1,3910.0,7.0,R-04,V-04,Ruta,ventas,Duplicado exacto,
506789,2026-02-13,C-00238,SKU-1104,3,2020.0,1.0,R-01,V-01,Ruta,ventas,Duplicado exacto,
544725,31-01-2024,C-01159,SKU-1098,24,7900.0,25.9,R-05,V-05,Ruta,ventas,Duplicado exacto,
546875,30-01-2026,C-00589,SKU-1092,4,7430.0,1.4,R-03,V-03,Ruta,ventas,Duplicado exacto,
555046,2026-04-04,C-01817,SKU-1123,6,16740.0,40.3,R-05,V-05,Televenta,ventas,Duplicado exacto,
526468,2023-08-29,C-00322,SKU-1018,1,4280.0,7.5,R-06,V-06,Televenta,ventas,Duplicado exacto,
559955,23/04/2026,C-90164,SKU-1087,12,18950.0,6.0,R-04,V-04,Ruta,ventas,Duplicado exacto,
525100,31-01-2024,C-02023,SKU-1042,24,25530.0,3.0,R-01,V-01,Ruta,ventas,Duplicado exacto,
533119,2024-04-05,C-00823,SKU-1100,3,20740.0,7.2,R-07,V-07,Ruta,ventas,Duplicado exacto,
508014,24/06/2024,C-01022,SKU-1066,2,5440.0,8.2,R-06,V-06,Ruta,ventas,Duplicado exacto,
555894,2023-07-31,C-01508,SKU-1084,24,21170.0,6.4,R-07,V-07,Televenta,ventas,Duplicado exacto,
501429,2023-03-17,C-00260,SKU-1049,3,1670.0,0.9,R-02,V-02,Ruta,ventas,Duplicado exacto,
524876,05/10/2024,C-00998,SKU-1128,4,18410.0,1.7,R-04,V-04,Ruta,ventas,Duplicado exacto,
528709,2024-12-28,C-01591,SKU-1036,4,21120.0,4.0,R-03,V-03,Ruta,ventas,Duplicado exacto,
544202,07/03/2023,C-00191,SKU-1073,24,24480.0,10.8,R-02,V-02,Ruta,ventas,Duplicado exacto,
503077,2026-05-27,C-01885,SKU-1115,4,10220.0,2.8,R-01,V-01,Mostrador,ventas,Duplicado exacto,
525238,2025-06-29,C-02278,SKU-1114,24,15100.0,5.9,R-06,V-06,Ruta,ventas,Duplicado exacto,
514365,27-05-2023,C-02098,SKU-1018,1,4280.0,40.6,R-05,V-05,Ruta,ventas,Duplicado exacto,
512337,2023-06-01,C-90079,SKU-1066,12,5440.0,7.0,R-03,V-03,Ruta,ventas,Duplicado exacto,
522156,15/07/2025,C-01401,SKU-1005,2,18930.0,10.2,R-01,V-01,Ruta,ventas,Duplicado exacto,
506915,2026-01-08,C-01179,SKU-1044,12,16340.0,10.9,R-03,V-03,Ruta,ventas,Duplicado exacto,
535656,2024-05-02,C-00061,SKU-1075,12,20870.0,41.9,R-05,V-05,Ruta,ventas,Duplicado exacto,
548087,20-08-2025,C-01629,SKU-1016,4,17160.0,0.8,R-02,V-02,Ruta,ventas,Duplicado exacto,
555822,10/06/2025,C-02219,SKU-1060,1,4640.0,9.1,R-03,V-03,Ruta,ventas,Duplicado exacto,
521032,2023-08-09,C-00477,SKU-1021,3,18980.0,2.1,R-02,V-02,Televenta,ventas,Duplicado exacto,
527711,29-06-2025,C-00421,SKU-1111,6,13590.0,4.9,R-03,V-03,Ruta,ventas,Duplicado exacto,
506669,2025-12-16,C-90128,SKU-1042,1,25530.0,4.9,R-07,V-07,Ruta,ventas,Duplicado exacto,
504801,2024-09-25,C-01029,SKU-1066,3,5440.0,36.3,R-05,V-05,Ruta,ventas,Duplicado exacto,
513750,07/19/2025,C-01993,SKU-1071,6,14890.0,6.2,R-06,V-06,Ruta,ventas,Duplicado exacto,
520001,2024-06-28,C-01501,SKU-1088,4,5000.0,37.5,R-05,V-05,Ruta,ventas,Duplicado exacto,
559876,2025-01-03,C-00892,SKU-1001,12,3180.0,7.5,R-03,V-03,Mostrador,ventas,Duplicado exacto,
539177,2025-10-03,C-01391,SKU-1116,1,19030.0,1.6,R-08,V-08,Ruta,ventas,Duplicado exacto,
560094,08-01-2025,C-00250,SKU-1080,12,1450.0,7.8,R-08,V-08,Televenta,ventas,Duplicado exacto,
529330,10-01-2025,C-01214,SKU-1094,24,21280.0,10.1,R-04,V-04,Televenta,ventas,Duplicado exacto,
500843,20-05-2024,C-02187,SKU-1116,24,19030.0,2.5,R-07,V-07,Ruta,ventas,Duplicado exacto,
549887,18/11/2023,C-01970,SKU-1008,3,2170.0,9.9,R-02,V-02,Ruta,ventas,Duplicado exacto,
500317,2024-07-17,C-01150,SKU-1113,3,2220.0,3.1,R-04,V-04,Ruta,ventas,Duplicado exacto,
506813,2025-05-29,C-00616,SKU-1091,12,15250.0,41.9,R-05,V-05,Ruta,ventas,Duplicado exacto,
522400,06/04/2024,C-00202,SKU-1001,12,3180.0,5.0,R-07,V-07,Ruta,ventas,Duplicado exacto,
536191,03-08-2023,C-00909,SKU-1008,24,2170.0,1.8,R-01,V-01,Mostrador,ventas,Duplicado exacto,
533189,29/02/2024,C-01665,SKU-1046,1,17510.0,11.7,R-06,V-06,Televenta,ventas,Duplicado exacto,
556681,21/03/2026,C-02220,SKU-1044,4,16340.0,6.0,R-01,V-01,Ruta,ventas,Duplicado exacto,
534175,2024-05-04,C-01590,SKU-1040,3,1470.0,32.3,R-05,V-05,Mostrador,ventas,Duplicado exacto,
536757,2024-04-03,C-90108,SKU-1143,12,21680.0,11.5,R-02,V-02,Ruta,ventas,Duplicado exacto,
541385,2023-01-08,C-01741,SKU-1012,1,10950.0,3.2,R-03,V-03,Ruta,ventas,Duplicado exacto,
548692,2023-11-29,C-02052,SKU-1046,24,17510.0,5.1,R-02,V-02,Mostrador,ventas,Duplicado exacto,
513468,16/01/2023,C-01258,SKU-1016,12,17160.0,5.3,R-06,V-06,Televenta,ventas,Duplicado exacto,
509399,2023-10-16,C-01645,SKU-1031,1,16810.0,6.7,R-08,V-08,Mostrador,ventas,Duplicado exacto,
545470,21-03-2024,C-00208,SKU-1058,6,13280.0,1.2,R-06,V-06,Mostrador,ventas,Duplicado exacto,
546424,2026-03-20,C-01748,SKU-1046,6,17510.0,1.7,R-01,V-01,Ruta,ventas,Duplicado exacto,
535305,2023-10-27,C-01436,SKU-1024,1,4780.0,11.5,R-02,V-02,Mostrador,ventas,Duplicado exacto,
554976,03/06/2024,C-00231,SKU-1073,6,24480.0,11.2,R-04,V-04,Ruta,ventas,Duplicado exacto,
516572,29-11-2023,C-01979,SKU-1033,3,2630.0,7.9,R-01,V-01,Ruta,ventas,Duplicado exacto,
530676,16/03/2025,C-02188,SKU-1072,12,1360.0,37.5,R-05,V-05,Ruta,ventas,Duplicado exacto,
519415,2025-06-05,C-01690,SKU-1066,2,5440.0,10.6,R-07,V-07,Mostrador,ventas,Duplicado exacto,
511399,09/14/2025,C-01389,SKU-1145,3,2940.0,8.7,R-04,V-04,Mostrador,ventas,Duplicado exacto,
541592,2024-05-16,C-01575,SKU-1023,24,4550.0,2.8,R-01,V-01,Ruta,ventas,Duplicado exacto,
539469,2024-01-16,C-01540,SKU-1105,6,13820.0,9.1,R-01,V-01,Ruta,ventas,Duplicado exacto,
535905,01/08/2025,C-01363,SKU-1074,3,7780.0,4.1,R-04,V-04,Ruta,ventas,Duplicado exacto,
548432,22-03-2023,C-01957,SKU-1065,4,9240.0,7.6,R-02,V-02,Mostrador,ventas,Duplicado exacto,
551789,06/08/2023,C-90067,SKU-1150,24,6820.0,1.3,R-04,V-04,Ruta,ventas,Duplicado exacto,
537043,16-05-2024,C-01037,SKU-1094,3,21280.0,4.7,R-07,V-07,Mostrador,ventas,Duplicado exacto,
534626,2024-04-05,C-01194,SKU-1060,6,4640.0,10.0,R-04,V-04,Ruta,ventas,Duplicado exacto,
505155,2024-08-11,C-01562,SKU-1085,4,17460.0,9.9,R-08,V-08,Televenta,ventas,Duplicado exacto,
533790,24-01-2026,C-00465,SKU-1127,12,19350.0,3.5,R-07,V-07,Televenta,ventas,Duplicado exacto,
516963,04/10/2023,C-01545,SKU-1042,12,25530.0,0.3,R-01,V-01,Mostrador,ventas,Duplicado exacto,
507030,2025-09-13,C-00067,SKU-1135,2,13580.0,10.1,R-04,V-04,Mostrador,ventas,Duplicado exacto,
512867,2025-04-28,C-01169,SKU-1029,6,12840.0,2.0,R-06,V-06,Ruta,ventas,Duplicado exacto,
516518,2024-07-20,C-01131,SKU-1089,1,24700.0,5.2,R-02,V-02,Ruta,ventas,Duplicado exacto,
555761,2025-08-26,C-01356,SKU-1075,12,20870.0,2.2,R-08,V-08,Ruta,ventas,Duplicado exacto,
521729,2025-02-03,C-02165,SKU-1093,6,1070.0,8.0,R-03,V-03,Televenta,ventas,Duplicado exacto,
527854,17/12/2023,C-90131,SKU-1021,1,18980.0,6.7,R-03,V-03,Ruta,ventas,Duplicado exacto,
551464,2023-05-31,C-01046,SKU-1088,6,5000.0,9.8,R-06,V-06,Mostrador,ventas,Duplicado exacto,
503531,12/03/2024,C-02336,SKU-1065,3,9240.0,5.5,R-07,V-07,Ruta,ventas,Duplicado exacto,
557877,12/09/2023,C-00149,SKU-1040,3,1470.0,1.0,R-07,V-07,Televenta,ventas,Duplicado exacto,
501454,2024-01-16,C-90043,SKU-1097,12,17340.0,5.2,R-06,V-06,Mostrador,ventas,Duplicado exacto,
533129,08/07/2023,C-90157,SKU-1110,3,20000.0,1.6,R-03,V-03,Ruta,ventas,Duplicado exacto,
553762,2024-12-22,C-01345,SKU-1003,3,17440.0,8.1,R-03,V-03,Mostrador,ventas,Duplicado exacto,
520339,2024-02-15,C-02055,SKU-1045,6,5000.0,10.7,R-06,V-06,Ruta,ventas,Duplicado exacto,
511643,07/06/2025,C-02068,SKU-1145,1,2940.0,4.0,R-04,V-04,Ruta,ventas,Duplicado exacto,
523542,2026-01-31,C-01841,SKU-1132,6,2340.0,0.6,R-08,V-08,Ruta,ventas,Duplicado exacto,
518728,25/08/2023,C-00723,SKU-1072,24,1360.0,10.9,R-01,V-01,Ruta,ventas,Duplicado exacto,
555069,2023-09-13,C-00369,SKU-1123,3,16740.0,25.8,R-05,V-05,Mostrador,ventas,Duplicado exacto,
548196,06/08/2024,C-00414,SKU-1058,24,13280.0,11.4,R-04,V-04,Ruta,ventas,Duplicado exacto,
500911,29-01-2023,C-02124,SKU-1052,6,5000.0,5.2,R-04,V-04,Ruta,ventas,Duplicado exacto,
513013,07/08/2024,C-01413,SKU-1075,1,20870.0,1.5,R-07,V-07,Mostrador,ventas,Duplicado exacto,
552264,2024-09-10,C-01802,SKU-1149,24,22150.0,1.9,R-02,V-02,Ruta,ventas,Duplicado exacto,
501847,2023-09-26,C-01427,SKU-1136,1,23750.0,2.4,R-08,V-08,Televenta,ventas,Duplicado exacto,
537938,2024-08-02,C-01318,SKU-1133,1,9630.0,8.5,R-02,V-02,Mostrador,ventas,Duplicado exacto,
523202,2025-07-02,C-01021,SKU-1074,1,7780.0,37.7,R-05,V-05,Ruta,ventas,Duplicado exacto,
540996,2023-06-09,C-01654,SKU-1128,1,18410.0,11.5,R-06,V-06,Ruta,ventas,Duplicado exacto,
535694,2024-02-12,C-00383,SKU-1053,12,5730.0,8.5,R-08,V-08,Televenta,ventas,Duplicado exacto,
547822,2025-11-25,C-00856,SKU-1083,4,16850.0,11.2,R-01,V-01,Mostrador,ventas,Duplicado exacto,
558786,2026-01-05,C-01374,SKU-1148,1,15870.0,10.3,R-06,V-06,Ruta,ventas,Duplicado exacto,
508293,13-11-2025,C-00216,SKU-1055,6,15360.0,6.1,R-06,V-06,Televenta,ventas,Duplicado exacto,
537721,05/26/2026,C-02124,SKU-1054,1,9320.0,7.3,R-01,V-01,Ruta,ventas,Duplicado exacto,
555377,2024-08-29,C-01952,SKU-1036,24,21120.0,11.2,R-06,V-06,Ruta,ventas,Duplicado exacto,
549761,01-10-2024,C-01521,SKU-1095,2,7540.0,4.7,R-02,V-02,Ruta,ventas,Duplicado exacto,
512294,2024-06-10,C-02188,SKU-1070,24,9760.0,0.7,R-02,V-02,Mostrador,ventas,Duplicado exacto,
537587,22-04-2026,C-00420,SKU-1043,12,3260.0,7.3,R-03,V-03,Mostrador,ventas,Duplicado exacto,
546223,18-07-2024,C-02198,SKU-1035,24,9460.0,38.3,R-05,V-05,Ruta,ventas,Duplicado exacto,
510367,2023-04-19,C-01208,SKU-1135,24,13580.0,10.6,R-06,V-06,Televenta,ventas,Duplicado exacto,
526684,2026-03-10,C-00614,SKU-1099,4,18130.0,4.5,R-06,V-06,Televenta,ventas,Duplicado exacto,
536637,2025-05-03,C-02193,SKU-1103,1,19680.0,7.7,R-04,V-04,Mostrador,ventas,Duplicado exacto,
503338,02-08-2024,C-02132,SKU-1149,2,22150.0,0.1,R-01,V-01,Ruta,ventas,Duplicado exacto,
544470,31/07/2023,C-02053,SKU-1144,6,11130.0,11.3,R-08,V-08,Mostrador,ventas,Duplicado exacto,
513088,2025-08-16,C-01730,SKU-1047,3,9030.0,8.6,R-06,V-06,Televenta,ventas,Duplicado exacto,
514361,11-01-2023,C-00991,SKU-1031,2,16810.0,8.0,R-03,V-03,Ruta,ventas,Duplicado exacto,
545089,2024-09-19,C-02339,SKU-1081,6,3910.0,8.3,R-06,V-06,Ruta,ventas,Duplicado exacto,
544052,11/03/2023,C-01571,SKU-1023,1,4550.0,3.7,R-07,V-07,Mostrador,ventas,Duplicado exacto,
526268,2026-03-15,C-00257,SKU-1147,4,18000.0,6.0,R-07,V-07,Ruta,ventas,Duplicado exacto,
515551,20/12/2024,C-00530,SKU-1109,1,22560.0,7.4,R-04,V-04,Ruta,ventas,Duplicado exacto,
511090,07/11/2024,C-01319,SKU-1143,2,21680.0,4.3,R-06,V-06,Ruta,ventas,Duplicado exacto,
519282,2024-03-06,C-00587,SKU-1105,2,13820.0,2.1,R-04,V-04,Televenta,ventas,Duplicado exacto,
502118,26-11-2024,C-01929,SKU-1131,3,21170.0,10.9,R-07,V-07,Ruta,ventas,Duplicado exacto,
512958,19/04/2025,C-00238,SKU-1097,4,17340.0,4.0,R-03,V-03,Ruta,ventas,Duplicado exacto,
532947,25-12-2024,C-01223,SKU-1066,2,5440.0,7.7,R-01,V-01,Ruta,ventas,Duplicado exacto,
535481,2024-11-19,C-01585,SKU-1022,6,22990.0,6.7,R-08,V-08,Ruta,ventas,Duplicado exacto,
543054,27/11/2024,C-00894,SKU-1034,6,17670.0,3.4,R-03,V-03,Televenta,ventas,Duplicado exacto,
500018,18/06/2023,C-00806,SKU-1102,12,14690.0,2.7,R-01,V-01,Televenta,ventas,Duplicado exacto,
541233,2025-10-10,C-01439,SKU-1079,2,13440.0,5.8,R-03,V-03,Televenta,ventas,Duplicado exacto,
527511,2024-12-11,C-00070,SKU-1005,6,18930.0,8.2,R-07,V-07,Ruta,ventas,Duplicado exacto,
529419,06/01/2026,C-01475,SKU-1110,2,20000.0,10.5,R-03,V-03,Ruta,ventas,Duplicado exacto,
554379,2024-06-29,C-01370,SKU-1074,6,7780.0,8.0,R-02,V-02,Ruta,ventas,Duplicado exacto,
527617,29/12/2023,C-01619,SKU-1042,12,25530.0,8.3,R-06,V-06,Ruta,ventas,Duplicado exacto,
525769,2026-05-28,C-01416,SKU-1083,1,16850.0,11.4,R-04,V-04,Ruta,ventas,Duplicado exacto,
538383,02-08-2024,C-00896,SKU-1080,24,1450.0,29.2,R-05,V-05,Televenta,ventas,Duplicado exacto,
522623,08/01/2025,C-00378,SKU-1114,3,15100.0,34.1,R-05,V-05,Ruta,ventas,Duplicado exacto,
552081,13/01/2026,C-01994,SKU-1102,3,14690.0,8.2,R-04,V-04,Mostrador,ventas,Duplicado exacto,
551928,2023-11-18,C-00617,SKU-1041,4,5450.0,0.2,R-02,V-02,Ruta,ventas,Duplicado exacto,
518249,2023-06-20,C-01768,SKU-1118,6,23630.0,11.8,R-06,V-06,Televenta,ventas,Duplicado exacto,
541756,2027-13-45,C-01644,SKU-1040,6,1470.0,0.5,R-04,V-04,Ruta,ventas,Duplicado exacto,
556402,2024-11-05,C-00459,SKU-1105,2,13820.0,5.8,R-01,V-01,Mostrador,ventas,Duplicado exacto,
545746,16-01-2024,C-01921,SKU-1095,4,7540.0,4.3,R-01,V-01,Televenta,ventas,Duplicado exacto,
510789,30/05/2025,C-01139,SKU-1128,2,18410.0,2.4,R-07,V-07,Ruta,ventas,Duplicado exacto,
545779,20/07/2025,C-00956,SKU-1138,24,2840.0,4.0,R-06,V-06,Ruta,ventas,Duplicado exacto,
529190,16/03/2023,C-02381,SKU-1003,24,17440.0,2.7,R-02,V-02,Televenta,ventas,Duplicado exacto,
523223,29/03/2025,C-00493,SKU-1116,1,19030.0,33.4,R-05,V-05,Ruta,ventas,Duplicado exacto,
523069,2024-07-04,C-00620,SKU-1017,4,9970.0,11.7,R-07,V-07,Ruta,ventas,Duplicado exacto,
547729,25-01-2026,C-02348,SKU-1102,24,14690.0,11.2,R-01,V-01,Mostrador,ventas,Duplicado exacto,
532646,05/12/2024,C-00902,SKU-1055,12,15360.0,9.3,R-01,V-01,Mostrador,ventas,Duplicado exacto,
505926,2023-02-17,C-00036,SKU-1100,4,20740.0,9.5,R-02,V-02,Ruta,ventas,Duplicado exacto,
503219,2023-07-30,C-02131,SKU-1045,24,5000.0,5.6,R-06,V-06,Ruta,ventas,Duplicado exacto,
541941,03/22/2025,C-00929,SKU-1059,4,12670.0,3.6,R-03,V-03,Televenta,ventas,Duplicado exacto,
516372,19/06/2026,C-00048,SKU-1074,4,7780.0,1.8,R-08,V-08,Televenta,ventas,Duplicado exacto,
542779,2024-02-17,C-01585,SKU-1097,1,17340.0,7.8,R-02,V-02,Ruta,ventas,Duplicado exacto,
520944,04/28/2023,C-01128,SKU-1147,24,18000.0,10.1,R-02,V-02,Televenta,ventas,Duplicado exacto,
512202,2024-05-03,C-01083,SKU-1035,3,9460.0,10.5,R-04,V-04,Ruta,ventas,Duplicado exacto,
550547,01-03-2024,C-01086,SKU-1135,1,13580.0,1.7,R-01,V-01,Mostrador,ventas,Duplicado exacto,
531714,31-03-2023,C-00784,SKU-1046,12,17510.0,5.0,R-06,V-06,Televenta,ventas,Duplicado exacto,
503251,2024-09-24,C-00357,SKU-1132,1,2340.0,1.0,R-01,V-01,Ruta,ventas,Duplicado exacto,
523633,31/12/2024,C-00653,SKU-1017,6,9970.0,25.1,R-05,V-05,Ruta,ventas,Duplicado exacto,
549833,05/05/2025,C-02154,SKU-1039,1,16170.0,7.0,R-01,V-01,Ruta,ventas,Duplicado exacto,
508266,03/03/2024,C-01825,SKU-1016,24,17160.0,10.7,R-06,V-06,Mostrador,ventas,Duplicado exacto,
518413,26/06/2026,C-01778,SKU-1023,6,4550.0,10.2,R-07,V-07,Televenta,ventas,Duplicado exacto,
559724,07-02-2024,C-01790,SKU-1114,3,15100.0,1.4,R-01,V-01,Mostrador,ventas,Duplicado exacto,
513449,2026-01-02,C-00156,SKU-1116,3,19030.0,39.8,R-05,V-05,Ruta,ventas,Duplicado exacto,
506310,2023-06-01,C-01434,SKU-1050,1,21680.0,8.7,R-08,V-08,Mostrador,ventas,Duplicado exacto,
548917,2023-06-15,C-02161,SKU-1040,4,1470.0,6.8,R-04,V-04,Ruta,ventas,Duplicado exacto,
535078,17-06-2024,C-02151,SKU-1072,12,1360.0,0.3,R-02,V-02,Televenta,ventas,Duplicado exacto,
514711,2023-06-10,C-00273,SKU-1057,3,1200.0,3.9,R-03,V-03,Ruta,ventas,Duplicado exacto,
503646,03-04-2024,C-01196,SKU-1146,6,17040.0,0.2,R-07,V-07,Ruta,ventas,Duplicado exacto,
513849,2025-02-18,C-00207,SKU-1119,4,4190.0,37.1,R-05,V-05,Ruta,ventas,Duplicado exacto,
555575,2026-01-07,C-02008,SKU-1151,1,8550.0,4.6,R-02,V-02,Mostrador,ventas,Duplicado exacto,
505440,19-11-2024,C-00888,SKU-1088,3,5000.0,4.8,R-03,V-03,Mostrador,ventas,Duplicado exacto,
509923,2024-02-24,C-00529,SKU-1028,3,2330.0,29.5,R-05,V-05,Mostrador,ventas,Duplicado exacto,
536197,2026-05-19,C-01202,SKU-1067,1,14730.0,8.2,R-06,V-06,Ruta,ventas,Duplicado exacto,
544522,2024-12-02,C-01692,SKU-1010,4,15390.0,3.3,R-08,V-08,Ruta,ventas,Duplicado exacto,
541189,2025-03-11,C-01821,SKU-1151,3,8550.0,9.0,R-03,V-03,Mostrador,ventas,Duplicado exacto,
522901,2025-07-03,C-90091,SKU-1127,1,19350.0,2.3,R-01,V-01,Ruta,ventas,Duplicado exacto,
554646,2025-12-07,C-00780,SKU-1075,1,20870.0,6.0,R-01,V-01,Ruta,ventas,Duplicado exacto,
553591,2025-06-11,C-00514,SKU-1006,1,8490.0,2.9,R-03,V-03,Ruta,ventas,Duplicado exacto,
529560,03/07/2025,C-02076,SKU-1110,12,20000.0,10.9,R-03,V-03,Ruta,ventas,Duplicado exacto,
522295,2023-06-28,C-00099,SKU-1114,2,15100.0,11.3,R-04,V-04,Mostrador,ventas,Duplicado exacto,
502079,11/03/2023,C-01125,SKU-1035,6,9460.0,26.1,R-05,V-05,Ruta,ventas,Duplicado exacto,
500114,2024-09-08,C-00444,SKU-1007,2,12550.0,7.7,R-06,V-06,Ruta,ventas,Duplicado exacto,
507088,2024-09-14,C-00140,SKU-1066,1,5440.0,3.5,R-06,V-06,Ruta,ventas,Duplicado exacto,
508279,2023-07-13,C-90015,SKU-1098,3,7900.0,10.8,R-03,V-03,Ruta,ventas,Duplicado exacto,
500846,2024-04-02,C-90156,SKU-1130,4,19620.0,36.5,R-05,V-05,Ruta,ventas,Duplicado exacto,
539060,2025-12-02,C-01352,SKU-1014,12,8760.0,6.9,R-02,V-02,Mostrador,ventas,Duplicado exacto,
521240,23/08/2025,C-00677,SKU-1090,1,16310.0,10.6,R-02,V-02,Ruta,ventas,Duplicado exacto,
557339,09-12-2024,C-01105,SKU-1012,12,10950.0,30.3,R-05,V-05,Ruta,ventas,Duplicado exacto,
501765,02/23/2026,C-02337,SKU-1150,2,6820.0,8.7,R-02,V-02,Ruta,ventas,Duplicado exacto,
535860,2025-07-14,C-02267,SKU-1132,6,2340.0,4.5,R-08,V-08,Ruta,ventas,Duplicado exacto,
544515,09/03/2023,C-02134,SKU-1078,6,6110.0,8.0,R-06,V-06,Televenta,ventas,Duplicado exacto,
509533,24/05/2025,C-00790,SKU-1016,24,17160.0,8.0,R-01,V-01,Televenta,ventas,Duplicado exacto,
510605,04-07-2023,C-02175,SKU-1096,24,5480.0,11.4,R-06,V-06,Ruta,ventas,Duplicado exacto,
518299,2025-12-01,C-02284,SKU-1054,12,9320.0,11.0,R-06,V-06,Ruta,ventas,Duplicado exacto,
557162,2026-05-24,C-01211,SKU-1044,3,16340.0,1.2,R-03,V-03,Ruta,ventas,Duplicado exacto,
550299,10/02/2023,C-00654,SKU-1084,12,21170.0,0.4,R-07,V-07,Ruta,ventas,Duplicado exacto,
508366,29/01/2024,C-02019,SKU-1001,12,3180.0,6.9,R-01,V-01,Mostrador,ventas,Duplicado exacto,
501955,16/09/2024,C-00475,SKU-1101,1,21420.0,2.9,R-06,V-06,Ruta,ventas,Duplicado exacto,
512109,31-05-2026,C-02162,SKU-1051,3,11530.0,8.8,R-04,V-04,Ruta,ventas,Duplicado exacto,
534073,2024-09-08,C-01182,SKU-1129,1,10160.0,7.6,R-07,V-07,Ruta,ventas,Duplicado exacto,
550493,10/17/2023,C-00561,SKU-1116,6,19030.0,9.4,R-07,V-07,Ruta,ventas,Duplicado exacto,
509746,2024-06-18,C-00718,SKU-1015,3,21760.0,0.3,R-03,V-03,Televenta,ventas,Duplicado exacto,
532059,23/06/2024,C-01744,SKU-1018,1,4280.0,27.4,R-05,V-05,Ruta,ventas,Duplicado exacto,
555519,2025-12-12,C-00345,SKU-1043,12,3260.0,2.0,R-04,V-04,Televenta,ventas,Duplicado exacto,
556381,2024-10-10,C-01762,SKU-1132,24,2340.0,1.9,R-06,V-06,Ruta,ventas,Duplicado exacto,
560032,21-07-2025,C-01789,SKU-1091,4,15250.0,7.2,R-01,V-01,Televenta,ventas,Duplicado exacto,
537456,2024-07-09,C-90133,SKU-1147,12,18000.0,11.1,R-04,V-04,Ruta,ventas,Duplicado exacto,
532822,07/03/2025,C-00463,SKU-1076,1,12940.0,40.3,R-05,V-05,Ruta,ventas,Duplicado exacto,
527780,2023-05-10,C-02339,SKU-1046,6,17510.0,3.6,R-04,V-04,Ruta,ventas,Duplicado exacto,
540796,01/10/2025,C-00067,SKU-1007,6,12550.0,3.8,R-06,V-06,Ruta,ventas,Duplicado exacto,
519577,25/05/2024,C-01910,SKU-1086,2,19500.0,6.5,R-03,V-03,Ruta,ventas,Duplicado exacto,
504044,2024-11-11,C-02166,SKU-1104,4,2020.0,0.2,R-07,V-07,Ruta,ventas,Duplicado exacto,
508965,17-02-2026,C-01397,SKU-1115,1,10220.0,6.1,R-07,V-07,Ruta,ventas,Duplicado exacto,
536905,2024-09-19,C-01052,SKU-1148,6,15870.0,5.5,R-04,V-04,Mostrador,ventas,Duplicado exacto,
503839,07/02/2023,C-02324,SKU-1071,12,14890.0,7.5,R-07,V-07,Ruta,ventas,Duplicado exacto,
521929,2023-07-12,C-01843,SKU-1077,4,7750.0,29.5,R-05,V-05,Ruta,ventas,Duplicado exacto,
539054,08/09/2025,C-00768,SKU-1088,24,5000.0,2.1,R-08,V-08,Mostrador,ventas,Duplicado exacto,
531287,2023-12-14,C-01584,SKU-1148,3,15870.0,7.5,R-01,V-01,Mostrador,ventas,Duplicado exacto,
551381,2026-01-27,C-00686,SKU-1031,3,16810.0,34.8,R-05,V-05,Ruta,ventas,Duplicado exacto,
543262,2026-01-08,C-00408,SKU-1056,6,4390.0,9.0,R-03,V-03,Ruta,ventas,Duplicado exacto,
537210,25-06-2025,C-01145,SKU-1110,-1,20000.0,5.7,R-07,V-07,Ruta,ventas,Duplicado exacto,
518513,01/07/2026,C-01496,SKU-1050,2,21680.0,0.1,R-03,V-03,Televenta,ventas,Duplicado exacto,
555755,2023-07-06,C-00402,SKU-1026,4,22410.0,31.7,R-05,V-05,Ruta,ventas,Duplicado exacto,
552767,07/03/2024,C-01284,SKU-1001,3,3180.0,0.5,R-04,V-04,Ruta,ventas,Duplicado exacto,
540515,2024-04-08,C-00111,SKU-1076,4,12940.0,0.1,R-03,V-03,Televenta,ventas,Duplicado exacto,
534925,08/10/2024,C-00986,SKU-1053,4,5730.0,5.0,R-03,V-03,Mostrador,ventas,Duplicado exacto,
518234,24/03/2024,C-00701,SKU-0000,3,2630.0,10.5,R-01,V-01,Televenta,ventas,Duplicado exacto,
515152,2023-11-25,C-00705,SKU-1033,4,2630.0,7.9,R-08,V-08,Ruta,ventas,Duplicado exacto,
535979,28/10/2023,C-01312,SKU-1149,12,22150.0,40.0,R-05,V-05,Ruta,ventas,Duplicado exacto,
511180,09/25/2025,C-00293,SKU-1133,6,9630.0,9.7,R-04,V-04,Ruta,ventas,Duplicado exacto,
547052,2026-05-27,C-00612,SKU-1047,2,9030.0,4.2,R-03,V-03,Televenta,ventas,Duplicado exacto,
534273,21-11-2023,C-01522,SKU-1023,3,4550.0,5.4,R-01,V-01,Mostrador,ventas,Duplicado exacto,
505958,2025-09-27,C-01847,SKU-1021,24,18980.0,1.1,R-07,V-07,Ruta,ventas,Duplicado exacto,
549378,2026-04-17,C-00521,SKU-1078,4,6110.0,5.9,R-04,V-04,Ruta,ventas,Duplicado exacto,
550474,2026-04-15,C-01707,SKU-0000,4,7750.0,8.7,R-04,V-04,Ruta,ventas,Duplicado exacto,
558835,2024-05-09,C-90163,SKU-1111,12,13590.0,7.6,R-04,V-04,Televenta,ventas,Duplicado exacto,
523495,12/06/2024,C-01123,SKU-1068,4,6570.0,6.9,R-03,V-03,Televenta,ventas,Duplicado exacto,
509388,09-06-2024,C-90052,SKU-1027,6,9690.0,5.5,R-03,V-03,Televenta,ventas,Duplicado exacto,
550388,2023-01-19,C-00855,SKU-1151,6,8550.0,25.5,R-05,V-05,Televenta,ventas,Duplicado exacto,
529821,2023-07-14,C-02190,SKU-1064,4,19180.0,30.7,R-05,V-05,Ruta,ventas,Duplicado exacto,
504921,2025-10-11,C-02122,SKU-1144,6,11130.0,11.2,R-02,V-02,Ruta,ventas,Duplicado exacto,
531817,2023-04-08,C-00073,SKU-1132,4,2340.0,7.4,R-01,V-01,Ruta,ventas,Duplicado exacto,
550060,2026-04-17,C-01049,SKU-1065,4,9240.0,8.8,R-01,V-01,Ruta,ventas,Duplicado exacto,
514601,2025-02-06,C-02206,SKU-1082,2,6250.0,8.3,R-03,V-03,Ruta,ventas,Duplicado exacto,
528097,09/14/2024,C-00917,SKU-1135,2,13580.0,11.5,R-04,V-04,Ruta,ventas,Duplicado exacto,
535611,2023-11-14,C-01737,SKU-1139,12,5000.0,3.9,R-07,V-07,Ruta,ventas,Duplicado exacto,
548699,2024-05-08,C-02163,SKU-1101,24,21420.0,5.0,R-07,V-07,Ruta,ventas,Duplicado exacto,
537006,2025-08-03,C-01277,SKU-1110,4,20000.0,30.6,R-05,V-05,Ruta,ventas,Duplicado exacto,
535803,09/28/2025,C-00805,SKU-1060,2,4640.0,29.7,R-05,V-05,Ruta,ventas,Duplicado exacto,
526581,2025-10-17,C-00652,SKU-1116,12,19030.0,1.5,R-02,V-02,Ruta,ventas,Duplicado exacto,
547494,2023-06-06,C-90124,SKU-1073,6,24480.0,6.7,R-01,V-01,Ruta,ventas,Duplicado exacto,
533718,15/03/2023,C-01989,SKU-1063,3,13230.0,28.6,R-05,V-05,Ruta,ventas,Duplicado exacto,
544611,02-09-2023,C-01544,SKU-1004,4,12350.0,7.1,R-08,V-08,Ruta,ventas,Duplicado exacto,
511372,22-02-2025,C-01719,SKU-1038,2,21330.0,11.7,R-07,V-07,Ruta,ventas,Duplicado exacto,
513453,2023-01-21,C-01887,SKU-1000,1,21380.0,6.8,R-03,V-03,Mostrador,ventas,Duplicado exacto,
506606,21/03/2025,C-00736,SKU-1094,2,21280.0,11.8,R-02,V-02,Mostrador,ventas,Duplicado exacto,
505315,2026-06-12,C-00117,SKU-1027,3,9690.0,1.3,R-03,V-03,Ruta,ventas,Duplicado exacto,
559550,2024-06-06,C-90057,SKU-1083,24,16850.0,1.3,R-08,V-08,Ruta,ventas,Duplicado exacto,
514871,2025-04-01,C-01953,SKU-1061,1,1810.0,11.2,R-08,V-08,Mostrador,ventas,Duplicado exacto,
548831,2023-10-25,C-02394,SKU-1126,12,9000.0,10.5,R-04,V-04,Ruta,ventas,Duplicado exacto,
532659,02/11/2024,C-02220,SKU-1061,24,1810.0,2.6,R-06,V-06,Mostrador,ventas,Duplicado exacto,
533629,2024-05-29,C-02070,SKU-1000,3,21380.0,7.9,R-07,V-07,Ruta,ventas,Duplicado exacto,
541079,2024-11-25,C-00179,SKU-1102,24,14690.0,4.2,R-02,V-02,Ruta,ventas,Duplicado exacto,
548794,19-03-2025,C-90010,SKU-1075,4,20870.0,1.1,R-08,V-08,Ruta,ventas,Duplicado exacto,
510609,2023-06-15,C-02208,SKU-1040,2,1470.0,4.0,R-01,V-01,Ruta,ventas,Duplicado exacto,
511393,2026-01-05,C-01998,SKU-1030,4,12990.0,4.5,R-03,V-03,Ruta,ventas,Duplicado exacto,
520717,21/02/2025,C-01541,SKU-1053,4,5730.0,6.4,R-02,V-02,Televenta,ventas,Duplicado exacto,
553884,04-01-2023,C-01515,SKU-1140,2,7460.0,3.1,R-08,V-08,Mostrador,ventas,Duplicado exacto,
517250,01/02/2024,C-01239,SKU-1113,24,2220.0,2.3,R-01,V-01,Ruta,ventas,Duplicado exacto,
537557,24/08/2025,C-02059,SKU-1074,1,7780.0,2.7,R-07,V-07,Ruta,ventas,Duplicado exacto,
559755,2025-12-10,C-00780,SKU-1098,24,7900.0,7.9,R-03,V-03,Televenta,ventas,Duplicado exacto,
543860,17/08/2024,C-00291,SKU-1070,24,9760.0,39.9,R-05,V-05,Ruta,ventas,Duplicado exacto,
525879,21-04-2025,C-00739,SKU-1125,1,5000.0,8.3,R-01,V-01,Ruta,ventas,Duplicado exacto,
539001,2025-08-19,C-00347,SKU-1006,12,8490.0,3.7,R-01,V-01,Televenta,ventas,Duplicado exacto,
522094,2023-03-07,C-01286,SKU-1077,6,7750.0,7.7,R-06,V-06,Ruta,ventas,Duplicado exacto,
515605,02/04/2025,C-00384,SKU-1065,1,9240.0,9.7,R-04,V-04,Televenta,ventas,Duplicado exacto,
500415,2026-04-01,C-00945,SKU-1138,6,2840.0,3.9,R-04,V-04,Ruta,ventas,Duplicado exacto,
539260,2023-08-24,C-01936,SKU-1131,24,21170.0,10.5,R-06,V-06,Mostrador,ventas,Duplicado exacto,
546624,12/07/2025,C-01757,SKU-1055,6,15360.0,9.1,R-04,V-04,Televenta,ventas,Duplicado exacto,
537371,2025-12-13,C-01140,SKU-1143,4,21680.0,8.7,R-07,V-07,Ruta,ventas,Duplicado exacto,
559194,2024-01-03,C-00442,SKU-1147,3,18000.0,10.9,R-04,V-04,Televenta,ventas,Duplicado exacto,
545962,12/16/2024,C-01780,SKU-1142,4,20220.0,3.3,R-04,V-04,Ruta,ventas,Duplicado exacto,
511063,2024-11-16,C-01608,SKU-1041,4,5450.0,3.2,R-07,V-07,Ruta,ventas,Duplicado exacto,
560022,04-12-2023,C-00323,SKU-1008,12,2170.0,11.7,R-02,V-02,Ruta,ventas,Duplicado exacto,
519957,2024-12-09,C-01728,SKU-1111,3,13590.0,6.3,R-07,V-07,Televenta,ventas,Duplicado exacto,
544068,2025-04-30,C-02273,SKU-1099,1,18130.0,8.9,R-02,V-02,Mostrador,ventas,Duplicado exacto,
540701,2023-03-30,C-01924,SKU-1062,3,14590.0,1.5,R-06,V-06,Ruta,ventas,Duplicado exacto,
501204,2025-06-22,C-00724,SKU-1059,6,12670.0,9.2,R-01,V-01,Ruta,ventas,Duplicado exacto,
510671,2025-11-05,C-01813,SKU-1016,6,17160.0,6.8,R-07,V-07,Mostrador,ventas,Duplicado exacto,
540699,16/12/2025,C-00064,SKU-1145,12,2940.0,11.4,R-04,V-04,Ruta,ventas,Duplicado exacto,
523035,22/06/2023,C-01306,SKU-1060,1,4640.0,1.0,R-02,V-02,Ruta,ventas,Duplicado exacto,
538839,05/06/2024,C-00087,SKU-1111,12,13590.0,3.3,R-03,V-03,Ruta,ventas,Duplicado exacto,
544192,2025-12-04,C-00623,SKU-1099,12,18130.0,27.3,R-05,V-05,Televenta,ventas,Duplicado exacto,
528558,2025-12-02,C-01056,SKU-1011,1,5000.0,8.8,R-03,V-03,Ruta,ventas,Duplicado exacto,
558023,14/01/2024,C-00491,SKU-1071,4,14890.0,0.2,R-07,V-07,Televenta,ventas,Duplicado exacto,
525898,2023-03-25,C-01120,SKU-1147,12,18000.0,32.0,R-05,V-05,Ruta,ventas,Duplicado exacto,
549375,10-04-2023,C-00793,SKU-1026,12,22410.0,34.3,R-05,V-05,Ruta,ventas,Duplicado exacto,
542654,2023-11-13,C-01534,SKU-1114,24,15100.0,2.6,R-08,V-08,Ruta,ventas,Duplicado exacto,
549353,02/02/2025,C-00627,SKU-1140,3,7460.0,7.4,R-04,V-04,Mostrador,ventas,Duplicado exacto,
522994,2023-11-26,C-00374,SKU-1002,24,9440.0,0.4,R-01,V-01,Ruta,ventas,Duplicado exacto,
500159,14/12/2025,C-00336,SKU-1017,2,9970.0,30.4,R-05,V-05,Televenta,ventas,Duplicado exacto,
546289,07/08/2023,C-00564,SKU-1121,24,6770.0,32.7,R-05,V-05,Televenta,ventas,Duplicado exacto,
504273,2023-07-23,C-01773,SKU-1028,24,2330.0,2.2,R-01,V-01,Ruta,ventas,Duplicado exacto,
500496,2025-09-17,C-01344,SKU-1028,1,2330.0,31.4,R-05,V-05,Mostrador,ventas,Duplicado exacto,
522026,2023-09-22,C-00660,SKU-1048,6,15600.0,4.0,R-01,V-01,Ruta,ventas,Duplicado exacto,
515941,02-12-2023,C-01409,SKU-1046,4,17510.0,10.2,R-02,V-02,Televenta,ventas,Duplicado exacto,
560020,2025-09-17,C-01679,SKU-1016,2,17160.0,10.1,R-08,V-08,Ruta,ventas,Duplicado exacto,
516044,2024-07-16,C-02001,SKU-1031,6,16810.0,5.3,R-04,V-04,Ruta,ventas,Duplicado exacto,
539111,21/01/2026,C-90065,SKU-1132,2,2340.0,5.7,R-07,V-07,Ruta,ventas,Duplicado exacto,
505700,2024-12-08,C-02314,SKU-1058,4,13280.0,10.4,R-03,V-03,Televenta,ventas,Duplicado exacto,
552103,16/03/2026,C-01960,SKU-1121,6,6770.0,11.3,R-07,V-07,Ruta,ventas,Duplicado exacto,
526182,2026-01-22,C-01334,SKU-1101,12,21420.0,1.1,R-07,V-07,Ruta,ventas,Duplicado exacto,
553928,24-07-2024,C-01023,SKU-1145,6,2940.0,5.4,R-01,V-01,Ruta,ventas,Duplicado exacto,
506219,23-12-2024,C-00747,SKU-1087,4,18950.0,10.9,R-01,V-01,Ruta,ventas,Duplicado exacto,
556759,2025-08-05,C-90155,SKU-1120,1,19200.0,7.8,R-01,V-01,Ruta,ventas,Duplicado exacto,
542461,2024-02-08,C-00621,SKU-1067,3,14730.0,2.8,R-04,V-04,Mostrador,ventas,Duplicado exacto,
544805,06/09/2023,C-01007,SKU-1123,4,16740.0,8.0,R-07,V-07,Ruta,ventas,Duplicado exacto,
520226,2023-12-12,C-00284,SKU-1031,12,16810.0,11.3,R-04,V-04,Mostrador,ventas,Duplicado exacto,
550330,2023-07-14,C-01052,SKU-1133,12,9630.0,10.3,R-02,V-02,Mostrador,ventas,Duplicado exacto,
535379,2024-01-06,C-00891,SKU-1005,24,18930.0,8.2,R-04,V-04,Mostrador,ventas,Duplicado exacto,
551122,15/10/2023,C-00325,SKU-1118,2,23630.0,10.4,R-06,V-06,Ruta,ventas,Duplicado exacto,
551163,15-01-2025,C-90083,SKU-1139,6,5000.0,1.0,R-06,V-06,Ruta,ventas,Duplicado exacto,
548687,2024-11-13,C-01405,SKU-1146,6,17040.0,3.9,R-06,V-06,Televenta,ventas,Duplicado exacto,
552340,2024-01-29,C-02239,SKU-1139,24,5000.0,3.3,R-07,V-07,Televenta,ventas,Duplicado exacto,
554642,11/02/2023,C-00813,SKU-1128,1,18410.0,9.0,R-07,V-07,Ruta,ventas,Duplicado exacto,
513359,17/05/2025,C-02024,SKU-1081,4,3910.0,39.2,R-05,V-05,Ruta,ventas,Duplicado exacto,
556169,2025-02-25,C-90092,SKU-1149,6,22150.0,25.2,R-05,V-05,Mostrador,ventas,Duplicado exacto,
526878,2025-02-21,C-00672,SKU-1030,3,12990.0,3.8,R-02,V-02,Ruta,ventas,Duplicado exacto,
535614,2023-10-22,C-90077,SKU-1132,24,2340.0,7.9,R-03,V-03,Ruta,ventas,Duplicado exacto,
559369,19-06-2023,C-90060,SKU-1115,2,10220.0,4.6,R-06,V-06,Ruta,ventas,Duplicado exacto,
526854,2025-08-04,C-01988,SKU-1107,4,2640.0,6.0,R-01,V-01,Ruta,ventas,Duplicado exacto,
511524,27-04-2025,C-00391,SKU-1139,12,5000.0,8.4,R-06,V-06,Ruta,ventas,Duplicado exacto,
508469,2025-01-14,C-02181,SKU-1115,6,10220.0,6.4,R-04,V-04,Ruta,ventas,Duplicado exacto,
546328,08/29/2023,C-00135,SKU-1105,1,13820.0,30.9,R-05,V-05,Mostrador,ventas,Duplicado exacto,
549152,2027-13-45,C-02252,SKU-1087,12,18950.0,7.0,R-01,V-01,Ruta,ventas,Fecha imposible,inválida
504781,2027-13-45,C-02323,SKU-1080,6,1450.0,7.9,R-02,V-02,Ruta,ventas,Fecha imposible,inválida
556080,2027-13-45,C-02255,SKU-1053,1,5730.0,6.8,R-07,V-07,Televenta,ventas,Fecha imposible,inválida
541756,2027-13-45,C-01644,SKU-1040,6,1470.0,0.5,R-04,V-04,Ruta,ventas,Fecha imposible,inválida
511246,2027-13-45,C-00135,SKU-1000,24,21380.0,9.6,R-03,V-03,Ruta,ventas,Fecha imposible,inválida
551237,2027-13-45,C-01911,SKU-1138,12,2840.0,9.9,R-02,V-02,Ruta,ventas,Fecha imposible,inválida
539151,2027-13-45,C-01206,SKU-1124,3,17090.0,0.5,R-06,V-06,Mostrador,ventas,Fecha imposible,inválida
534387,2027-13-45,C-01380,SKU-1035,6,9460.0,8.4,R-08,V-08,Mostrador,ventas,Fecha imposible,inválida
532323,2027-13-45,C-01844,SKU-1046,12,17510.0,3.7,R-04,V-04,Ruta,ventas,Fecha imposible,inválida
515512,2027-13-45,C-01174,SKU-1116,12,19030.0,0.2,R-04,V-04,Mostrador,ventas,Fecha imposible,inválida
556158,2027-13-45,C-01676,SKU-1112,12,16200.0,0.8,R-01,V-01,Ruta,ventas,Fecha imposible,inválida
552635,2027-13-45,C-01850,SKU-1081,3,3910.0,28.9,R-05,V-05,Ruta,ventas,Fecha imposible,inválida
551129,2027-13-45,C-01246,SKU-1014,2,8760.0,5.5,R-04,V-04,Mostrador,ventas,Fecha imposible,inválida
535139,2027-13-45,C-01758,SKU-1071,1,14890.0,0.2,R-03,V-03,Ruta,ventas,Fecha imposible,inválida
541349,2027-13-45,C-90051,SKU-1017,6,9970.0,33.4,R-05,V-05,Ruta,ventas,Fecha imposible,inválida
519718,2027-13-45,C-02357,SKU-1111,24,13590.0,9.2,R-01,V-01,Ruta,ventas,Fecha imposible,inválida
547896,2027-13-45,C-01887,SKU-1121,1,6770.0,0.5,R-04,V-04,Televenta,ventas,Fecha imposible,inválida
522847,2027-13-45,C-00332,SKU-1025,12,9340.0,10.7,R-08,V-08,Ruta,ventas,Fecha imposible,inválida
500815,2027-13-45,C-01536,SKU-1120,3,19200.0,9.0,R-04,V-04,Televenta,ventas,Fecha imposible,inválida
537802,2027-13-45,C-00345,SKU-1080,4,1450.0,1.4,R-04,V-04,Ruta,ventas,Fecha imposible,inválida
510638,2027-13-45,C-02026,SKU-1132,1,2340.0,8.5,R-06,V-06,Mostrador,ventas,Fecha imposible,inválida
501778,2027-13-45,C-02056,SKU-1042,6,25530.0,0.8,R-04,V-04,Ruta,ventas,Fecha imposible,inválida
548577,2027-13-45,C-01933,SKU-1024,4,4780.0,3.0,R-07,V-07,Ruta,ventas,Fecha imposible,inválida
515020,2027-13-45,C-00464,SKU-1112,6,16200.0,11.1,R-06,V-06,Mostrador,ventas,Fecha imposible,inválida
541432,2027-13-45,C-01542,SKU-1016,6,17160.0,35.6,R-05,V-05,Mostrador,ventas,Fecha imposible,inválida
508060,2027-13-45,C-90129,SKU-1130,3,19620.0,11.6,R-06,V-06,Televenta,ventas,Fecha imposible,inválida
510406,2027-13-45,C-90068,SKU-1058,3,13280.0,1.9,R-03,V-03,Televenta,ventas,Fecha imposible,inválida
531189,2027-13-45,C-00195,SKU-1044,24,16340.0,4.7,R-08,V-08,Mostrador,ventas,Fecha imposible,inválida
555506,2027-13-45,C-01024,SKU-1105,4,13820.0,10.3,R-01,V-01,Ruta,ventas,Fecha imposible,inválida
541163,2027-13-45,C-00605,SKU-1046,4,17510.0,9.7,R-07,V-07,Ruta,ventas,Fecha imposible,inválida
505034,2027-13-45,C-01302,SKU-1005,2,18930.0,11.7,R-01,V-01,Ruta,ventas,Fecha imposible,inválida
542932,2027-13-45,C-01323,SKU-1066,1,5440.0,8.2,R-03,V-03,Ruta,ventas,Fecha imposible,inválida
546337,2027-13-45,C-00776,SKU-1109,3,22560.0,6.5,R-01,V-01,Televenta,ventas,Fecha imposible,inválida
557018,2027-13-45,C-02274,SKU-1093,3,1070.0,6.9,R-08,V-08,Mostrador,ventas,Fecha imposible,inválida
553728,2027-13-45,C-00831,SKU-1091,4,15250.0,1.4,R-04,V-04,Mostrador,ventas,Fecha imposible,inválida
507550,2027-13-45,C-01798,SKU-1029,6,12840.0,4.9,R-02,V-02,Ruta,ventas,Fecha imposible,inválida
500667,2027-13-45,C-00653,SKU-1051,12,11530.0,2.5,R-01,V-01,Mostrador,ventas,Fecha imposible,inválida
534986,2027-13-45,C-01648,SKU-1030,4,12990.0,3.3,R-01,V-01,Televenta,ventas,Fecha imposible,inválida
548812,2027-13-45,C-00762,SKU-1145,24,2940.0,0.6,R-07,V-07,Ruta,ventas,Fecha imposible,inválida
546132,2027-13-45,C-90032,SKU-1117,4,22130.0,10.2,R-06,V-06,Ruta,ventas,Fecha imposible,inválida
555490,2027-13-45,C-00851,SKU-1129,12,10160.0,0.7,R-06,V-06,Mostrador,ventas,Fecha imposible,inválida
522934,2027-13-45,C-00542,SKU-1031,4,16810.0,4.0,R-06,V-06,Ruta,ventas,Fecha imposible,inválida
512415,2027-13-45,C-00661,SKU-1043,24,3260.0,4.1,R-07,V-07,Ruta,ventas,Fecha imposible,inválida
551363,2027-13-45,C-01263,SKU-1044,12,16340.0,10.8,R-03,V-03,Mostrador,ventas,Fecha imposible,inválida
511518,2027-13-45,C-01327,SKU-1000,24,21380.0,10.0,R-01,V-01,Ruta,ventas,Fecha imposible,inválida
526869,2027-13-45,C-90035,SKU-1028,6,2330.0,3.0,R-07,V-07,Ruta,ventas,Fecha imposible,inválida
511536,2027-13-45,C-00694,SKU-1015,6,21760.0,34.9,R-05,V-05,Ruta,ventas,Fecha imposible,inválida
537527,2027-13-45,C-02114,SKU-1117,24,22130.0,31.3,R-05,V-05,Ruta,ventas,Fecha imposible,inválida
531428,2027-13-45,C-00998,SKU-1094,12,21280.0,38.6,R-05,V-05,Ruta,ventas,Fecha imposible,inválida
533420,2027-13-45,C-00127,SKU-1028,2,2330.0,10.8,R-08,V-08,Televenta,ventas,Fecha imposible,inválida
545022,2027-13-45,C-00797,SKU-1057,2,1200.0,28.9,R-05,V-05,Ruta,ventas,Fecha imposible,inválida
539070,2027-13-45,C-00731,SKU-1080,24,1450.0,5.8,R-06,V-06,Televenta,ventas,Fecha imposible,inválida
557372,2027-13-45,C-00204,SKU-1149,3,22150.0,11.4,R-02,V-02,Ruta,ventas,Fecha imposible,inválida
505124,2027-13-45,C-90131,SKU-1018,12,4280.0,31.5,R-05,V-05,Televenta,ventas,Fecha imposible,inválida
512236,2027-13-45,C-01991,SKU-1081,2,3910.0,11.8,R-04,V-04,Ruta,ventas,Fecha imposible,inválida
502993,2027-13-45,C-00022,SKU-1031,2,16810.0,8.6,R-04,V-04,Ruta,ventas,Fecha imposible,inválida
514437,2027-13-45,C-02171,SKU-1039,12,16170.0,6.3,R-02,V-02,Ruta,ventas,Fecha imposible,inválida
559257,2027-13-45,C-00575,SKU-1092,12,7430.0,10.0,R-04,V-04,Televenta,ventas,Fecha imposible,inválida
545243,2027-13-45,C-90157,SKU-1105,12,13820.0,2.5,R-01,V-01,Ruta,ventas,Fecha imposible,inválida
549174,2027-13-45,C-01651,SKU-1069,6,24870.0,4.1,R-03,V-03,Ruta,ventas,Fecha imposible,inválida
536708,2027-13-45,C-01271,SKU-1053,24,5730.0,4.2,R-08,V-08,Ruta,ventas,Fecha imposible,inválida
531460,2027-13-45,C-01887,SKU-1124,2,17090.0,10.8,R-03,V-03,Mostrador,ventas,Fecha imposible,inválida
548961,2027-13-45,C-00035,SKU-1083,3,16850.0,9.2,R-03,V-03,Ruta,ventas,Fecha imposible,inválida
519274,2027-13-45,C-90006,SKU-1043,3,3260.0,11.4,R-06,V-06,Ruta,ventas,Fecha imposible,inválida
521414,2027-13-45,C-00090,SKU-1024,2,4780.0,5.8,R-06,V-06,Ruta,ventas,Fecha imposible,inválida
550783,2027-13-45,C-02197,SKU-1004,2,12350.0,2.2,R-08,V-08,Televenta,ventas,Fecha imposible,inválida
508667,2027-13-45,C-00967,SKU-1040,4,1470.0,2.1,R-08,V-08,Ruta,ventas,Fecha imposible,inválida
508583,2027-13-45,C-02170,SKU-1127,6,19350.0,1.1,R-07,V-07,Televenta,ventas,Fecha imposible,inválida
525156,2027-13-45,C-01853,SKU-1043,2,3260.0,2.7,R-06,V-06,Televenta,ventas,Fecha imposible,inválida
553243,2027-13-45,C-00502,SKU-1111,2,13590.0,3.0,R-04,V-04,Ruta,ventas,Fecha imposible,inválida
520104,2027-13-45,C-00240,SKU-1073,4,24480.0,32.5,R-05,V-05,Televenta,ventas,Fecha imposible,inválida
518214,2027-13-45,C-01742,SKU-1108,12,6630.0,39.4,R-05,V-05,Ruta,ventas,Fecha imposible,inválida
515297,2027-13-45,C-01735,SKU-1138,2,2840.0,4.9,R-04,V-04,Ruta,ventas,Fecha imposible,inválida
528124,2027-13-45,C-00811,SKU-1050,3,21680.0,6.5,R-02,V-02,Televenta,ventas,Fecha imposible,inválida
558374,2027-13-45,C-02011,SKU-1013,3,1970.0,10.8,R-07,V-07,Televenta,ventas,Fecha imposible,inválida
546733,2027-13-45,C-02217,SKU-1110,6,20000.0,6.6,R-07,V-07,Ruta,ventas,Fecha imposible,inválida
522518,2027-13-45,C-90092,SKU-1047,1,9030.0,3.5,R-01,V-01,Televenta,ventas,Fecha imposible,inválida
527211,2027-13-45,C-00730,SKU-1013,6,1970.0,1.0,R-01,V-01,Televenta,ventas,Fecha imposible,inválida
554515,2027-13-45,C-00398,SKU-1144,1,11130.0,11.7,R-06,V-06,Ruta,ventas,Fecha imposible,inválida
535427,2027-13-45,C-02156,SKU-1120,3,19200.0,1.0,R-04,V-04,Televenta,ventas,Fecha imposible,inválida
538768,2027-13-45,C-90114,SKU-1082,12,6250.0,41.9,R-05,V-05,Televenta,ventas,Fecha imposible,inválida
511200,2027-13-45,C-01840,SKU-1028,6,2330.0,0.3,R-02,V-02,Ruta,ventas,Fecha imposible,inválida
536368,2027-13-45,C-02289,SKU-1042,6,25530.0,3.6,R-07,V-07,Ruta,ventas,Fecha imposible,inválida
505254,2027-13-45,C-00312,SKU-1141,2,20260.0,3.1,R-02,V-02,Ruta,ventas,Fecha imposible,inválida
504386,2027-13-45,C-01708,SKU-1018,12,4280.0,3.0,R-04,V-04,Ruta,ventas,Fecha imposible,inválida
516757,2027-13-45,C-00832,SKU-1062,4,14590.0,6.8,R-08,V-08,Ruta,ventas,Fecha imposible,inválida
523860,2027-13-45,C-00511,SKU-1102,12,14690.0,29.5,R-05,V-05,Ruta,ventas,Fecha imposible,inválida
544360,2027-13-45,C-90113,SKU-1083,24,16850.0,0.9,R-02,V-02,Ruta,ventas,Fecha imposible,inválida
539133,2027-13-45,C-01926,SKU-1060,1,4640.0,4.4,R-06,V-06,Ruta,ventas,Fecha imposible,inválida
523564,2027-13-45,C-01871,SKU-1065,3,9240.0,11.0,R-07,V-07,Ruta,ventas,Fecha imposible,inválida
